date,transactions,sales,sales_transactions,cash_sales,cashless_transactions,cashless_kind,cashless_sales,cashless_sales_kind,customers,Customer_unit_price,store_horiday
2021/01/1,70,58340,70,58340,0,,0,,70,833,0
2021/01/2,80,73298,80,73298,0,,0,,80,916,0
2021/01/3,90,85452,90,85452,0,,0,,90,949,0
2021/01/4,77,63312,77,63312,0,,0,,77,822,0
2021/01/5,85,72448,85,72448,0,,0,,85,852,0
2021/01/6,0,0,0,0,0,,0,,0,0,1
2021/01/7,80,67323,80,67323,0,,0,,80,842,0
2021/01/8,78,65940,78,65940,0,,0,,78,845,0
2021/01/9,100,81802,100,81802,0,,0,,100,818,0
2021/01/10,103,90997,103,90997,0,,0,,103,883,0
2021/01/11,99,80354,99,80354,0,,0,,99,812,0
2021/01/12,49,37231,49,37231,0,,0,,49,760,0
2021/01/13,0,0,0,0,0,,0,,0,0,1
2021/01/14,88,61134,88,61134,0,,0,,88,695,0
2021/01/15,79,63335,79,63335,0,,0,,79,802,0
2021/01/16,110,98954,110,98954,0,,0,,110,900,0
2021/01/17,90,77835,90,77835,0,,0,,90,865,0
2021/01/18,77,60572,77,60572,0,,0,,77,787,0
2021/01/19,105,76785,105,76785,0,,0,,105,731,0
2021/01/20,0,0,0,0,0,,0,,0,0,1
2021/01/21,87,72219,87,72219,0,,0,,87,830,0
2021/01/22,93,81103,93,81103,0,,0,,93,872,0
2021/01/23,55,54213,55,54213,0,,0,,55,986,0
2021/01/24,55,51370,55,51370,0,,0,,55,934,0
2021/01/25,85,61946,85,61946,0,,0,,85,729,0
2021/01/26,71,63742,71,63742,0,,0,,71,898,0
2021/01/27,0,0,0,0,0,,0,,0,0,1
2021/01/28,60,54666,60,54666,0,,0,,60,911,0
2021/01/29,91,84979,91,84979,0,,0,,91,934,0
2021/01/30,101,100736,101,100736,0,,0,,101,997,0
2021/01/31,107,100061,107,100061,0,,0,,107,935,0
2021/02/1,0,0,0,0,0,,0,,0,0,1
2021/02/2,74,60851,74,60851,0,,0,,74,822,0
2021/02/3,60,52250,60,52250,0,,0,,60,871,0
2021/02/4,78,61234,78,61234,0,,0,,78,785,0
2021/02/5,82,71184,82,71184,0,,0,,82,868,0
2021/02/6,111,112334,111,112334,0,,0,,111,1012,0
2021/02/7,109,100869,109,100869,0,,0,,109,925,0
2021/02/8,0,0,0,0,0,,0,,0,0,1
2021/02/9,77,56735,77,56735,0,,0,,77,737,0
2021/02/10,73,63046,73,63046,0,,0,,73,864,0
2021/02/11,98,81458,98,81458,0,,0,,98,831,0
2021/02/12,72,62715,72,62715,0,,0,,72,871,0
2021/02/13,110,101727,110,101727,0,,0,,110,925,0
2021/02/14,100,88665,100,88665,0,,0,,100,887,0
2021/02/15,0,0,0,0,0,,0,,0,0,1
2021/02/16,95,67529,95,67529,0,,0,,95,711,0
2021/02/17,69,55261,65,53159,4,交通系IC(1)/MASTER(1)/iD(1)/QUICPay(1),2103,交通系IC(200)/MASTER(173)/iD(521)/QUICPay(1209),69,801,0
2021/02/18,70,63272,60,55498,10,JCB(1)/交通系IC(5)/iD(2)/MASTER(1)/QUICPay(1),7774,JCB(570)/交通系IC(3795)/iD(2016)/MASTER(683)/QUICPay(710),70,904,0
2021/02/19,80,68023,61,48830,19,MASTER(7)/JCB(3)/交通系IC(6)/QUICPay(1)/iD(2),19192,MASTER(5771)/JCB(3255)/交通系IC(5923)/QUICPay(1162)/iD(3081),80,850,0
2021/02/20,104,101535,72,64111,32,選択なし(1)/MASTER(10)/交通系IC(13)/iD(2)/JCB(2)/QUICPay(4),37424,選択なし(690)/MASTER(16581)/交通系IC(14826)/iD(1471)/JCB(1425)/QUICPay(2431),104,976,0
2021/02/21,106,93975,81,67935,25,交通系IC(11)/MASTER(11)/QUICPay(3),26041,交通系IC(11549)/MASTER(11948)/QUICPay(2544),106,887,0
2021/02/22,0,0,0,0,0,,0,,0,0,1
2021/02/23,117,99566,68,55655,49,QUICPay(4)/交通系IC(20)/MASTER(17)/選択なし(3)/JCB(2)/iD(2)/WAON(1),43912,QUICPay(3361)/交通系IC(16512)/MASTER(16342)/選択なし(3651)/JCB(1671)/iD(1280)/WAON(1095),117,851,0
2021/02/24,62,53081,42,32620,20,交通系IC(11)/MASTER(7)/iD(1)/JCB(1),20462,交通系IC(12464)/MASTER(6244)/iD(1033)/JCB(721),62,856,0
2021/02/25,82,62568,62,40819,20,MASTER(6)/iD(2)/交通系IC(8)/JCB(3)/選択なし(1),21749,MASTER(6999)/iD(2330)/交通系IC(8164)/JCB(2902)/選択なし(1354),82,763,0
2021/02/26,74,62792,52,40938,22,MASTER(15)/交通系IC(6)/JCB(1),21855,MASTER(15064)/交通系IC(5020)/JCB(1771),74,849,0
2021/02/27,105,93238,66,54945,39,iD(7)/MASTER(12)/交通系IC(14)/選択なし(2)/WAON(1)/JCB(2)/QUICPay(1),38293,iD(5164)/MASTER(12840)/交通系IC(11846)/選択なし(2711)/WAON(431)/JCB(3991)/QUICPay(1310),105,888,0
2021/02/28,111,103781,81,71676,30,MASTER(12)/交通系IC(12)/WAON(1)/iD(3)/QUICPay(1)/選択なし(1),32105,MASTER(14150)/交通系IC(10478)/WAON(330)/iD(2681)/QUICPay(1615)/選択なし(2851),111,935,0
2021/03/1,0,0,0,0,0,,0,,0,0,1
2021/03/2,69,55335,40,28589,29,MASTER(9)/JCB(5)/交通系IC(11)/iD(4),26745,MASTER(9242)/JCB(6858)/交通系IC(7839)/iD(2806),69,802,0
2021/03/3,75,62609,46,37208,29,MASTER(8)/交通系IC(11)/iD(5)/QUICPay(3)/JCB(2),25400,MASTER(5201)/交通系IC(7905)/iD(5820)/QUICPay(4014)/JCB(2460),75,835,0
2021/03/4,69,57889,52,41342,17,MASTER(4)/交通系IC(5)/iD(2)/JCB(3)/WAON(3),16547,MASTER(3699)/交通系IC(3621)/iD(1171)/JCB(5702)/WAON(2354),69,839,0
2021/03/5,72,61879,50,38152,22,MASTER(7)/JCB(5)/iD(3)/交通系IC(6)/WAON(1),23728,MASTER(6381)/JCB(5316)/iD(2129)/交通系IC(9043)/WAON(859),72,859,0
2021/03/6,107,96666,72,56748,35,交通系IC(14)/MASTER(12)/WAON(1)/JCB(5)/iD(2)/選択なし(1),39919,交通系IC(11258)/MASTER(19381)/WAON(675)/JCB(5560)/iD(2564)/選択なし(481),107,903,0
2021/03/7,87,89542,54,50509,33,WAON(1)/iD(9)/交通系IC(12)/選択なし(2)/JCB(1)/MASTER(7)/QUICPay(1),39033,WAON(870)/iD(8110)/交通系IC(16777)/選択なし(1642)/JCB(743)/MASTER(9181)/QUICPay(1710),87,1029,0
2021/03/8,0,0,0,0,0,,0,,0,0,1
2021/03/9,83,64391,55,43405,28,交通系IC(15)/MASTER(7)/iD(2)/JCB(4),20986,交通系IC(9735)/MASTER(7021)/iD(1415)/JCB(2815),83,776,0
2021/03/10,67,53342,49,39693,18,MASTER(5)/JCB(2)/交通系IC(8)/WAON(1)/iD(2),13648,MASTER(4769)/JCB(2265)/交通系IC(4209)/WAON(1355)/iD(1050),67,796,0
2021/03/11,85,69184,57,46911,28,MASTER(10)/交通系IC(11)/JCB(2)/選択なし(1)/iD(3)/QUICPay(1),22274,MASTER(8591)/交通系IC(6359)/JCB(2970)/選択なし(1490)/iD(1761)/QUICPay(1103),85,814,0
2021/03/12,85,81077,63,57536,22,MASTER(11)/交通系IC(8)/JCB(1)/QUICPay(1)/iD(1),23541,MASTER(12941)/交通系IC(6146)/JCB(1784)/QUICPay(1460)/iD(1210),85,954,0
2021/03/13,57,54852,38,33556,19,交通系IC(5)/WAON(1)/iD(3)/MASTER(8)/JCB(1)/QUICPay(1),21296,交通系IC(5692)/WAON(720)/iD(2280)/MASTER(9993)/JCB(1745)/QUICPay(866),57,962,0
2021/03/14,123,112718,91,82848,32,交通系IC(13)/iD(5)/WAON(1)/MASTER(9)/JCB(3)/選択なし(1),29870,交通系IC(11029)/iD(3641)/WAON(200)/MASTER(9266)/JCB(3662)/選択なし(2072),123,916,0
2021/03/15,0,0,0,0,0,,0,,0,0,1
2021/03/16,98,82090,70,59958,28,交通系IC(14)/iD(3)/JCB(3)/MASTER(8),22132,交通系IC(9483)/iD(2341)/JCB(2501)/MASTER(7807),98,838,0
2021/03/17,72,60633,51,42679,21,交通系IC(10)/MASTER(8)/iD(3),17954,交通系IC(7091)/MASTER(8610)/iD(2253),72,842,0
2021/03/18,82,69016,57,41496,25,iD(4)/MASTER(3)/JCB(5)/交通系IC(11)/選択なし(1)/QUICPay(1),27521,iD(3997)/MASTER(1834)/JCB(5972)/交通系IC(13195)/選択なし(1360)/QUICPay(1163),82,842,0
2021/03/19,98,88499,63,58616,35,交通系IC(15)/MASTER(8)/WAON(2)/JCB(6)/iD(2)/選択なし(1)/QUICPay(1),29882,交通系IC(10334)/MASTER(8466)/WAON(2514)/JCB(5039)/iD(1060)/選択なし(1249)/QUICPay(1220),98,903,0
2021/03/20,124,112183,78,68941,46,MASTER(8)/交通系IC(24)/JCB(6)/iD(5)/選択なし(1)/WAON(1)/QUICPay(1),43242,MASTER(8016)/交通系IC(20120)/JCB(7526)/iD(3511)/選択なし(1982)/WAON(673)/QUICPay(1414),124,905,0
2021/03/21,31,29971,23,22388,8,MASTER(2)/QUICPay(1)/JCB(1)/交通系IC(3)/iD(1),7583,MASTER(1833)/QUICPay(1555)/JCB(1185)/交通系IC(2010)/iD(1000),31,967,0
2021/03/22,0,0,0,0,0,,0,,0,0,1
2021/03/23,89,72309,70,53526,19,JCB(2)/交通系IC(8)/iD(2)/MASTER(6)/QUICPay(1),18783,JCB(2063)/交通系IC(5285)/iD(2316)/MASTER(7699)/QUICPay(1420),89,812,0
2021/03/24,89,75810,60,48119,29,MASTER(11)/選択なし(2)/交通系IC(11)/QUICPay(1)/iD(3)/JCB(1),27690,MASTER(12710)/選択なし(1490)/交通系IC(7022)/QUICPay(1390)/iD(3548)/JCB(1530),89,852,0
2021/03/25,79,73035,55,47679,24,MASTER(9)/WAON(1)/交通系IC(8)/JCB(4)/iD(2),25356,MASTER(11923)/WAON(559)/交通系IC(6474)/JCB(3889)/iD(2511),79,924,0
2021/03/26,87,84098,63,55765,25,JCB(5)/iD(2)/交通系IC(10)/MASTER(8),28333,JCB(12969)/iD(1380)/交通系IC(5673)/MASTER(8311),87,967,0
2021/03/27,132,115016,87,75080,45,MASTER(12)/交通系IC(23)/JCB(4)/WAON(3)/iD(3),39937,MASTER(12981)/交通系IC(20414)/JCB(2649)/WAON(1304)/iD(2589),132,871,0
2021/03/28,83,68037,54,38379,30,MASTER(13)/JCB(5)/交通系IC(9)/WAON(1)/iD(2),29659,MASTER(12158)/JCB(4772)/交通系IC(7689)/WAON(770)/iD(4270),83,820,0
2021/03/29,0,0,0,0,0,,0,,0,0,1
2021/03/30,97,82300,66,53089,31,交通系IC(14)/JCB(8)/MASTER(5)/iD(2)/QUICPay(1)/選択なし(1),29211,交通系IC(12157)/JCB(9110)/MASTER(4255)/iD(1049)/QUICPay(1080)/選択なし(1560),97,848,0
2021/03/31,72,54751,47,37915,25,MASTER(5)/交通系IC(15)/JCB(1)/iD(4),16836,MASTER(3360)/交通系IC(10463)/JCB(340)/iD(2673),72,760,0
2021/04/1,73,66966,52,44366,21,JCB(7)/MASTER(3)/交通系IC(8)/iD(2)/選択なし(1),22600,JCB(9379)/MASTER(3248)/交通系IC(5953)/iD(850)/選択なし(3170),73,917,0
2021/04/2,75,59923,51,38215,24,QUICPay(1)/選択なし(1)/MASTER(5)/JCB(3)/交通系IC(10)/WAON(1)/iD(3),21709,QUICPay(400)/選択なし(1139)/MASTER(4332)/JCB(3151)/交通系IC(7598)/WAON(846)/iD(4243),75,799,0
2021/04/3,103,104918,66,65190,39,iD(3)/MASTER(14)/JCB(7)/交通系IC(9)/WAON(4)/選択なし(1)/QUICPay(1),39728,iD(1975)/MASTER(20094)/JCB(6153)/交通系IC(5889)/WAON(3423)/選択なし(600)/QUICPay(1594),103,1019,0
2021/04/4,98,92190,66,51824,32,iD(3)/交通系IC(14)/JCB(6)/MASTER(5)/選択なし(3)/QUICPay(1),40365,iD(2383)/交通系IC(16227)/JCB(7560)/MASTER(4720)/選択なし(8045)/QUICPay(1430),98,941,0
2021/04/5,0,0,0,0,0,,0,,0,0,1
2021/04/6,95,74967,61,49193,34,MASTER(8)/WAON(1)/交通系IC(16)/選択なし(2)/QUICPay(1)/JCB(3)/iD(3),25774,MASTER(5458)/WAON(330)/交通系IC(11549)/選択なし(3285)/QUICPay(660)/JCB(2481)/iD(2011),95,789,0
2021/04/7,77,65659,44,30265,33,MASTER(12)/WAON(1)/交通系IC(14)/JCB(3)/iD(2)/QUICPay(1),35393,MASTER(14004)/WAON(760)/交通系IC(13892)/JCB(4206)/iD(1451)/QUICPay(1080),77,853,0
2021/04/8,85,75279,61,56059,24,交通系IC(12)/MASTER(8)/WAON(1)/iD(3),19220,交通系IC(10195)/MASTER(5730)/WAON(640)/iD(2655),85,886,0
2021/04/9,75,68754,53,45098,23,交通系IC(12)/WAON(1)/MASTER(6)/JCB(1)/iD(2)/選択なし(1),23655,交通系IC(6778)/WAON(409)/MASTER(11864)/JCB(1780)/iD(1401)/選択なし(1423),75,917,0
2021/04/10,118,114246,85,77006,34,iD(4)/MASTER(11)/JCB(8)/交通系IC(8)/WAON(1)/選択なし(1)/QUICPay(1),37241,iD(3269)/MASTER(17011)/JCB(8230)/交通系IC(5482)/WAON(300)/選択なし(1251)/QUICPay(1698),118,968,0
2021/04/11,106,113366,71,66683,35,iD(4)/MASTER(12)/交通系IC(14)/WAON(2)/JCB(2)/QUICPay(1),46683,iD(3685)/MASTER(22159)/交通系IC(15810)/WAON(1596)/JCB(2003)/QUICPay(1430),106,1069,0
2021/04/12,0,0,0,0,0,,0,,0,0,1
2021/04/13,83,68935,59,46530,24,交通系IC(10)/MASTER(3)/JCB(8)/iD(2)/WAON(1),22404,交通系IC(6551)/MASTER(3593)/JCB(8581)/iD(2720)/WAON(959),83,831,0
2021/04/14,53,44213,41,32561,12,iD(5)/MASTER(3)/交通系IC(4),11653,iD(3239)/MASTER(3286)/交通系IC(5128),53,834,0
2021/04/15,86,77419,59,48542,27,交通系IC(7)/JCB(4)/選択なし(3)/iD(5)/MASTER(6)/WAON(1)/QUICPay(1),28878,交通系IC(6372)/JCB(6567)/選択なし(4267)/iD(4138)/MASTER(5094)/WAON(930)/QUICPay(1510),86,900,0
2021/04/16,72,55984,45,28891,27,MASTER(7)/iD(5)/交通系IC(10)/JCB(5),27092,MASTER(8706)/iD(3714)/交通系IC(8015)/JCB(6657),72,778,0
2021/04/17,98,104329,67,71848,31,MASTER(12)/選択なし(1)/交通系IC(10)/iD(4)/JCB(1)/WAON(1)/QUICPay(2),32480,MASTER(17075)/選択なし(669)/交通系IC(8245)/iD(3203)/JCB(684)/WAON(610)/QUICPay(1994),98,1065,0
2021/04/18,117,112035,81,73905,36,JCB(2)/iD(6)/交通系IC(16)/MASTER(11)/QUICPay(1),38130,JCB(1637)/iD(9942)/交通系IC(14548)/MASTER(11132)/QUICPay(871),117,958,0
2021/04/19,0,0,0,0,0,,0,,0,0,1
2021/04/20,111,85870,74,51875,38,MASTER(11)/交通系IC(15)/JCB(2)/iD(7)/選択なし(2)/WAON(1),33994,MASTER(9634)/交通系IC(12392)/JCB(3127)/iD(5537)/選択なし(2304)/WAON(1000),111,774,0
2021/04/21,62,53983,40,29800,22,JCB(1)/交通系IC(11)/選択なし(2)/MASTER(5)/iD(2)/QUICPay(1),24183,JCB(1554)/交通系IC(8478)/選択なし(3389)/MASTER(7214)/iD(1190)/QUICPay(2358),62,871,0
2021/04/22,77,64017,49,38185,28,JCB(9)/交通系IC(8)/MASTER(10)/iD(1),25831,JCB(8169)/交通系IC(7587)/MASTER(9855)/iD(220),77,831,0
2021/04/23,90,70435,54,40274,36,WAON(1)/交通系IC(19)/JCB(5)/MASTER(6)/iD(4)/選択なし(1),30162,WAON(480)/交通系IC(14152)/JCB(4356)/MASTER(6238)/iD(3593)/選択なし(1343),90,783,0
2021/04/24,119,108774,83,72397,36,QUICPay(1)/iD(5)/MASTER(10)/交通系IC(17)/WAON(1)/JCB(2),36377,QUICPay(1365)/iD(3759)/MASTER(11625)/交通系IC(15449)/WAON(600)/JCB(3579),119,914,0
2021/04/25,113,116621,72,70817,41,iD(7)/交通系IC(21)/JCB(2)/MASTER(8)/選択なし(1)/WAON(1)/QUICPay(1),45805,iD(5728)/交通系IC(17890)/JCB(5408)/MASTER(11549)/選択なし(1990)/WAON(1210)/QUICPay(2030),113,1032,0
2021/04/26,0,0,0,0,0,,0,,0,0,1
2021/04/27,84,69168,65,54269,19,iD(3)/交通系IC(9)/MASTER(4)/JCB(2)/WAON(1),14899,iD(1952)/交通系IC(5700)/MASTER(3718)/JCB(2589)/WAON(940),84,823,0
2021/04/28,76,64071,53,45052,23,交通系IC(13)/MASTER(6)/選択なし(2)/iD(2),19019,交通系IC(7524)/MASTER(8422)/選択なし(2250)/iD(823),76,843,0
2021/04/29,81,73397,60,54234,21,MASTER(3)/JCB(2)/交通系IC(10)/iD(4)/WAON(1)/QUICPay(1),19163,MASTER(3505)/JCB(3311)/交通系IC(8121)/iD(2661)/WAON(165)/QUICPay(1400),81,906,0
2021/04/30,85,73520,60,48019,25,JCB(2)/交通系IC(12)/MASTER(9)/iD(1)/選択なし(1),25501,JCB(1593)/交通系IC(11326)/MASTER(11047)/iD(622)/選択なし(913),85,865,0
2021/05/1,125,119803,81,73513,44,交通系IC(18)/MASTER(10)/JCB(5)/iD(4)/選択なし(4)/QUICPay(3),46289,交通系IC(18676)/MASTER(9814)/JCB(6787)/iD(2559)/選択なし(5311)/QUICPay(3142),125,958,0
2021/05/2,94,93373,57,52904,37,交通系IC(18)/WAON(2)/iD(3)/MASTER(12)/選択なし(1)/JCB(1),40469,交通系IC(14288)/WAON(3329)/iD(4752)/MASTER(15789)/選択なし(1201)/JCB(1110),94,993,0
2021/05/3,107,85451,66,46704,41,交通系IC(20)/MASTER(12)/選択なし(2)/iD(4)/JCB(2)/WAON(1),38747,交通系IC(15504)/MASTER(14062)/選択なし(1408)/iD(3161)/JCB(4447)/WAON(165),107,799,0
2021/05/4,130,118770,84,71499,46,QUICPay(3)/iD(5)/交通系IC(23)/MASTER(9)/JCB(3)/選択なし(2)/WAON(1),47271,QUICPay(3531)/iD(3991)/交通系IC(26231)/MASTER(7943)/JCB(2162)/選択なし(2414)/WAON(999),130,914,0
2021/05/5,97,78902,70,57835,27,JCB(5)/交通系IC(14)/iD(2)/MASTER(3)/QUICPay(3),21067,JCB(4627)/交通系IC(8335)/iD(3301)/MASTER(3532)/QUICPay(1272),97,813,0
2021/05/6,0,0,0,0,0,,0,,0,0,1
2021/05/7,0,0,0,0,0,,0,,0,0,1
2021/05/8,124,114788,64,53651,60,iD(7)/交通系IC(28)/MASTER(15)/QUICPay(2)/JCB(6)/WAON(1)/選択なし(1),61136,iD(9179)/交通系IC(22017)/MASTER(20449)/QUICPay(714)/JCB(6365)/WAON(430)/選択なし(1982),124,926,0
2021/05/9,106,93795,71,59668,35,JCB(6)/MASTER(11)/交通系IC(16)/選択なし(1)/iD(1),34127,JCB(5730)/MASTER(12326)/交通系IC(14051)/選択なし(1180)/iD(840),106,885,0
2021/05/10,0,0,0,0,0,,0,,0,0,1
2021/05/11,76,57840,46,37585,30,MASTER(4)/交通系IC(16)/JCB(4)/選択なし(1)/iD(3)/QUICPay(2),20256,MASTER(4116)/交通系IC(8222)/JCB(2664)/選択なし(891)/iD(2908)/QUICPay(1455),76,761,0
2021/05/12,92,66711,59,44671,33,交通系IC(20)/JCB(2)/MASTER(8)/iD(2)/選択なし(1),22039,交通系IC(13136)/JCB(1552)/MASTER(5548)/iD(1163)/選択なし(640),92,725,0
2021/05/13,47,40278,29,21789,18,JCB(1)/交通系IC(9)/MASTER(8),18489,JCB(1852)/交通系IC(6636)/MASTER(10001),47,857,0
2021/05/14,87,77844,61,50056,26,MASTER(6)/交通系IC(13)/QUICPay(1)/JCB(4)/iD(1)/選択なし(1),27788,MASTER(6354)/交通系IC(9481)/QUICPay(671)/JCB(7398)/iD(1062)/選択なし(2822),87,895,0
2021/05/15,114,112834,65,63161,49,iD(6)/交通系IC(20)/JCB(5)/MASTER(16)/選択なし(1)/QUICPay(1),49674,iD(6369)/交通系IC(13893)/JCB(7190)/MASTER(21292)/選択なし(720)/QUICPay(210),114,990,0
2021/05/16,90,89270,52,45775,38,JCB(4)/交通系IC(19)/MASTER(13)/iD(2),43496,JCB(9248)/交通系IC(20715)/MASTER(11823)/iD(1710),90,992,0
2021/05/17,0,0,0,0,0,,0,,0,0,1
2021/05/18,71,57026,45,32552,26,JCB(3)/iD(2)/MASTER(8)/交通系IC(10)/WAON(1)/選択なし(2),24474,JCB(3445)/iD(1620)/MASTER(7382)/交通系IC(9484)/WAON(400)/選択なし(2143),71,803,0
2021/05/19,64,51938,34,28597,30,交通系IC(16)/iD(6)/MASTER(7)/QUICPay(1),23341,交通系IC(10066)/iD(4109)/MASTER(8495)/QUICPay(671),64,812,0
2021/05/20,71,55973,43,30448,28,JCB(4)/MASTER(7)/交通系IC(13)/選択なし(2)/iD(2),25525,JCB(6125)/MASTER(6366)/交通系IC(9721)/選択なし(1870)/iD(1443),71,788,0
2021/05/21,53,47729,39,34520,14,JCB(1)/MASTER(4)/交通系IC(9),13208,JCB(880)/MASTER(3878)/交通系IC(8450),53,901,0
2021/05/22,97,100694,57,51242,40,交通系IC(13)/JCB(5)/WAON(1)/MASTER(15)/選択なし(2)/iD(3)/QUICPay(1),49452,交通系IC(13543)/JCB(6469)/WAON(440)/MASTER(20592)/選択なし(3561)/iD(2812)/QUICPay(2035),97,1038,0
2021/05/23,115,104518,70,63218,45,交通系IC(16)/MASTER(9)/WAON(5)/JCB(5)/iD(8)/選択なし(1)/QUICPay(1),41301,交通系IC(14154)/MASTER(6206)/WAON(5806)/JCB(5403)/iD(7922)/選択なし(1119)/QUICPay(691),115,909,0
2021/05/24,0,0,0,0,0,,0,,0,0,1
2021/05/25,73,61770,42,36319,31,交通系IC(16)/JCB(4)/MASTER(7)/iD(3)/選択なし(1),25451,交通系IC(10319)/JCB(2970)/MASTER(9588)/iD(1974)/選択なし(600),73,846,0
2021/05/26,76,57774,43,31986,33,JCB(1)/交通系IC(17)/MASTER(11)/iD(2)/QUICPay(1)/選択なし(1),25789,JCB(653)/交通系IC(10592)/MASTER(12131)/iD(1033)/QUICPay(750)/選択なし(630),76,760,0
2021/05/27,51,44758,35,29660,16,JCB(4)/交通系IC(7)/MASTER(2)/iD(2)/QUICPay(1),15099,JCB(6085)/交通系IC(5562)/MASTER(970)/iD(1052)/QUICPay(1430),51,878,0
2021/05/28,81,77273,53,46631,28,交通系IC(10)/JCB(5)/iD(4)/MASTER(8)/選択なし(1),30642,交通系IC(8106)/JCB(7270)/iD(2289)/MASTER(12287)/選択なし(690),81,954,0
2021/05/29,116,114350,75,74550,41,MASTER(12)/交通系IC(19)/iD(6)/JCB(4),39799,MASTER(12024)/交通系IC(19508)/iD(5314)/JCB(2953),116,986,0
2021/05/30,94,99482,55,55015,39,MASTER(17)/交通系IC(17)/JCB(3)/選択なし(2),44467,MASTER(22919)/交通系IC(16407)/JCB(2200)/選択なし(2941),94,1058,0
2021/05/31,0,0,0,0,0,,0,,0,0,1
2021/06/1,81,66047,50,38808,31,交通系IC(12)/iD(6)/MASTER(7)/選択なし(1)/WAON(1)/JCB(4),27239,交通系IC(6850)/iD(4420)/MASTER(6937)/選択なし(2533)/WAON(462)/JCB(6037),81,815,0
2021/06/2,67,55096,40,30499,27,MASTER(6)/JCB(5)/交通系IC(13)/選択なし(1)/iD(2),24598,MASTER(6197)/JCB(4600)/交通系IC(11022)/選択なし(630)/iD(2149),67,822,0
2021/06/3,73,55479,48,35655,25,交通系IC(11)/MASTER(4)/WAON(1)/iD(4)/JCB(4)/選択なし(1),19826,交通系IC(8204)/MASTER(3422)/WAON(346)/iD(3939)/JCB(3424)/選択なし(491),73,760,0
2021/06/4,46,38320,27,19663,18,JCB(3)/交通系IC(7)/MASTER(6)/選択なし(2),18407,JCB(1314)/交通系IC(8494)/MASTER(7188)/選択なし(1411),46,833,0
2021/06/5,128,130598,80,78045,48,WAON(2)/iD(4)/JCB(7)/MASTER(13)/交通系IC(18)/選択なし(2)/QUICPay(2),52552,WAON(1548)/iD(4135)/JCB(8688)/MASTER(21056)/交通系IC(13815)/選択なし(2175)/QUICPay(1135),128,1020,0
2021/06/6,95,85603,55,40942,40,iD(5)/MASTER(10)/交通系IC(16)/JCB(5)/QUICPay(2)/WAON(1)/選択なし(1),44662,iD(3757)/MASTER(14058)/交通系IC(15971)/JCB(6497)/QUICPay(2126)/WAON(611)/選択なし(1642),95,901,0
2021/06/7,0,0,0,0,0,,0,,0,0,1
2021/06/8,72,57400,47,38745,25,交通系IC(13)/JCB(3)/MASTER(6)/iD(2)/選択なし(1),18656,交通系IC(7498)/JCB(2966)/MASTER(5828)/iD(1593)/選択なし(771),72,797,0
2021/06/9,64,62369,32,33966,32,MASTER(9)/JCB(4)/交通系IC(16)/iD(2)/QUICPay(1),28402,MASTER(10331)/JCB(4178)/交通系IC(12128)/iD(1314)/QUICPay(451),64,975,0
2021/06/10,60,53397,35,32247,25,MASTER(5)/交通系IC(15)/QUICPay(2)/iD(2)/WAON(1),21150,MASTER(3161)/交通系IC(12061)/QUICPay(1555)/iD(3873)/WAON(500),60,890,0
2021/06/11,51,49470,28,28670,23,JCB(2)/iD(2)/交通系IC(10)/MASTER(8)/選択なし(1),20800,JCB(3237)/iD(1924)/交通系IC(5492)/MASTER(9487)/選択なし(660),51,970,0
2021/06/12,102,106156,60,60126,42,MASTER(18)/交通系IC(16)/WAON(2)/JCB(1)/iD(2)/選択なし(2)/QUICPay(1),46029,MASTER(22582)/交通系IC(15496)/WAON(1400)/JCB(1041)/iD(1583)/選択なし(3364)/QUICPay(563),102,1041,0
2021/06/13,83,77438,55,48043,28,選択なし(3)/交通系IC(15)/iD(3)/MASTER(4)/QUICPay(2)/JCB(1),29394,選択なし(4093)/交通系IC(14774)/iD(3045)/MASTER(5541)/QUICPay(1191)/JCB(750),83,933,0
2021/06/14,0,0,0,0,0,,0,,0,0,1
2021/06/15,68,51629,38,26097,30,MASTER(8)/WAON(2)/交通系IC(10)/iD(3)/JCB(7),25532,MASTER(6571)/WAON(1261)/交通系IC(7992)/iD(2887)/JCB(6821),68,759,0
2021/06/16,44,39943,26,26924,18,交通系IC(8)/iD(3)/MASTER(4)/選択なし(1)/JCB(1)/WAON(1),13019,交通系IC(6809)/iD(1292)/MASTER(3301)/選択なし(335)/JCB(681)/WAON(601),44,908,0
2021/06/17,74,54734,49,33853,25,MASTER(5)/QUICPay(1)/交通系IC(14)/iD(3)/JCB(2),20881,MASTER(4088)/QUICPay(625)/交通系IC(12040)/iD(2116)/JCB(2012),74,740,0
2021/06/18,72,57368,54,44793,18,JCB(1)/交通系IC(11)/WAON(1)/iD(2)/QUICPay(1)/MASTER(2),12574,JCB(884)/交通系IC(7205)/WAON(611)/iD(1771)/QUICPay(661)/MASTER(1442),72,797,0
2021/06/19,78,83203,49,47500,29,交通系IC(14)/MASTER(9)/JCB(2)/WAON(2)/選択なし(1)/QUICPay(1),35703,交通系IC(13991)/MASTER(11528)/JCB(5030)/WAON(2465)/選択なし(1738)/QUICPay(951),78,1067,0
2021/06/20,0,0,0,0,0,,0,,0,0,1
2021/06/21,0,0,0,0,0,,0,,0,0,1
2021/06/22,81,66736,56,45714,25,JCB(2)/選択なし(1)/交通系IC(15)/iD(2)/MASTER(5),21023,JCB(1981)/選択なし(1196)/交通系IC(10830)/iD(1242)/MASTER(5774),81,824,0
2021/06/23,70,60354,38,34179,32,交通系IC(15)/MASTER(8)/JCB(6)/iD(1)/WAON(1)/QUICPay(1),26175,交通系IC(10529)/MASTER(6513)/JCB(7166)/iD(471)/WAON(961)/QUICPay(535),70,862,0
2021/06/24,66,53842,47,38234,19,MASTER(4)/交通系IC(10)/iD(2)/JCB(2)/QUICPay(1),15608,MASTER(3809)/交通系IC(6981)/iD(1232)/JCB(1645)/QUICPay(1941),66,816,0
2021/06/25,61,50356,40,30632,21,MASTER(8)/交通系IC(8)/iD(1)/JCB(3)/WAON(1),19724,MASTER(8024)/交通系IC(7487)/iD(590)/JCB(3232)/WAON(391),61,826,0
2021/06/26,96,95388,57,56464,39,iD(6)/JCB(6)/交通系IC(15)/選択なし(4)/MASTER(7)/WAON(1),38924,iD(3912)/JCB(4940)/交通系IC(13841)/選択なし(3106)/MASTER(11754)/WAON(1371),96,994,0
2021/06/27,83,82412,46,47457,37,iD(2)/交通系IC(21)/JCB(4)/MASTER(9)/選択なし(1),34954,iD(2041)/交通系IC(15676)/JCB(4201)/MASTER(11195)/選択なし(1841),83,993,0
2021/06/28,0,0,0,0,0,,0,,0,0,1
2021/06/29,61,46732,45,32662,16,iD(3)/交通系IC(9)/JCB(2)/MASTER(1)/WAON(1),14070,iD(1587)/交通系IC(6901)/JCB(3779)/MASTER(541)/WAON(1262),61,766,0
2021/06/30,77,54703,50,36169,27,交通系IC(14)/iD(2)/MASTER(7)/WAON(1)/JCB(3),18535,交通系IC(6972)/iD(1131)/MASTER(7518)/WAON(1452)/JCB(1462),77,710,0
2021/07/1,38,31088,26,21704,12,交通系IC(7)/MASTER(2)/選択なし(1)/WAON(1)/JCB(1),9384,交通系IC(4478)/MASTER(2523)/選択なし(1547)/WAON(335)/JCB(501),38,818,0
2021/07/2,44,32143,25,17980,19,交通系IC(11)/JCB(2)/MASTER(4)/選択なし(1)/iD(1),14162,交通系IC(6921)/JCB(1977)/MASTER(3002)/選択なし(1252)/iD(1010),44,731,0
2021/07/3,84,78004,51,44910,33,iD(7)/交通系IC(12)/MASTER(8)/選択なし(1)/JCB(5),33094,iD(6650)/交通系IC(10034)/MASTER(9893)/選択なし(796)/JCB(5721),84,929,0
2021/07/4,107,89069,75,60464,32,JCB(2)/交通系IC(16)/iD(2)/選択なし(1)/MASTER(7)/QUICPay(2)/WAON(2),28605,JCB(1072)/交通系IC(11478)/iD(659)/選択なし(711)/MASTER(8627)/QUICPay(2262)/WAON(3796),107,832,0
2021/07/5,0,0,0,0,0,,0,,0,0,1
2021/07/6,79,63516,57,46806,22,MASTER(9)/交通系IC(6)/iD(3)/選択なし(1)/JCB(3),16710,MASTER(6773)/交通系IC(3156)/iD(2031)/選択なし(1462)/JCB(3288),79,804,0
2021/07/7,58,39720,44,31246,14,JCB(3)/交通系IC(7)/MASTER(3)/iD(1),8474,JCB(1352)/交通系IC(3814)/MASTER(2804)/iD(504),58,685,0
2021/07/8,52,41324,27,23655,25,JCB(3)/交通系IC(14)/WAON(1)/MASTER(4)/QUICPay(1)/iD(2),17669,JCB(1422)/交通系IC(9733)/WAON(491)/MASTER(4401)/QUICPay(431)/iD(1191),52,795,0
2021/07/9,50,41319,31,21188,19,交通系IC(8)/選択なし(1)/MASTER(6)/JCB(3)/iD(1),20132,交通系IC(7245)/選択なし(1525)/MASTER(7517)/JCB(3114)/iD(731),50,826,0
2021/07/10,84,84479,46,44703,38,JCB(4)/交通系IC(16)/MASTER(12)/iD(4)/選択なし(1)/QUICPay(1),39776,JCB(4675)/交通系IC(13184)/MASTER(13795)/iD(4390)/選択なし(2201)/QUICPay(1531),84,1006,0
2021/07/11,73,75749,42,42424,31,JCB(2)/iD(3)/MASTER(8)/交通系IC(17)/WAON(1),33326,JCB(983)/iD(2803)/MASTER(10229)/交通系IC(17786)/WAON(1525),73,1038,0
2021/07/12,0,0,0,0,0,,0,,0,0,1
2021/07/13,52,41733,36,26884,16,MASTER(4)/交通系IC(9)/選択なし(1)/iD(2),14848,MASTER(4476)/交通系IC(5936)/選択なし(3171)/iD(1265),52,803,0
2021/07/14,64,50995,33,26774,31,交通系IC(13)/JCB(7)/MASTER(7)/iD(1)/選択なし(3),24221,交通系IC(7165)/JCB(6265)/MASTER(6002)/iD(1075)/選択なし(3714),64,797,0
2021/07/15,53,45459,33,26813,20,JCB(2)/QUICPay(2)/交通系IC(8)/MASTER(4)/iD(4),18647,JCB(1998)/QUICPay(1785)/交通系IC(5594)/MASTER(4986)/iD(4284),53,858,0
2021/07/16,61,41677,41,26517,20,交通系IC(10)/MASTER(2)/iD(5)/JCB(3),15160,交通系IC(6945)/MASTER(2031)/iD(4322)/JCB(1862),61,683,0
2021/07/17,81,76933,47,38803,34,MASTER(14)/iD(2)/選択なし(6)/交通系IC(11)/JCB(1),38130,MASTER(20165)/iD(791)/選択なし(8423)/交通系IC(8520)/JCB(231),81,950,0
2021/07/18,75,71117,49,49286,26,JCB(3)/交通系IC(16)/選択なし(1)/iD(2)/MASTER(3)/QUICPay(1),21833,JCB(2867)/交通系IC(12338)/選択なし(1147)/iD(1951)/MASTER(2709)/QUICPay(821),75,948,0
2021/07/19,0,0,0,0,0,,0,,0,0,1
2021/07/20,53,42869,32,26288,21,QUICPay(1)/MASTER(5)/交通系IC(8)/JCB(4)/iD(2)/WAON(1),16580,QUICPay(473)/MASTER(5943)/交通系IC(3756)/JCB(4075)/iD(1743)/WAON(590),53,809,0
2021/07/21,45,49352,37,38835,8,交通系IC(5)/MASTER(2)/JCB(1),10518,交通系IC(5189)/MASTER(3438)/JCB(1891),45,1097,0
2021/07/22,63,63984,39,38206,24,交通系IC(11)/iD(5)/MASTER(6)/JCB(1)/QUICPay(1),25780,交通系IC(10460)/iD(4373)/MASTER(7733)/JCB(1122)/QUICPay(2092),63,1016,0
2021/07/23,69,65421,39,37147,30,iD(5)/交通系IC(8)/選択なし(3)/MASTER(12)/WAON(1)/JCB(1),28272,iD(4276)/交通系IC(4824)/選択なし(4738)/MASTER(12550)/WAON(673)/JCB(1211),69,948,0
2021/07/24,66,66525,46,46953,20,MASTER(9)/交通系IC(7)/iD(1)/選択なし(2)/JCB(1),19572,MASTER(7689)/交通系IC(5952)/iD(1517)/選択なし(910)/JCB(3504),66,1008,0
2021/07/25,59,59413,42,38085,17,MASTER(5)/iD(2)/交通系IC(8)/WAON(1)/選択なし(1),21329,MASTER(9366)/iD(2245)/交通系IC(5845)/WAON(521)/選択なし(3352),59,1007,0
2021/07/26,0,0,0,0,0,,0,,0,0,1
2021/07/27,64,54844,44,37071,20,MASTER(1)/交通系IC(8)/iD(5)/QUICPay(1)/JCB(4)/選択なし(1),17772,MASTER(200)/交通系IC(5192)/iD(5014)/QUICPay(641)/JCB(5149)/選択なし(1576),64,857,0
2021/07/28,54,48545,36,30696,18,交通系IC(9)/MASTER(5)/JCB(1)/iD(3),17849,交通系IC(7442)/MASTER(6410)/JCB(1431)/iD(2566),54,899,0
2021/07/29,54,51082,37,33121,17,交通系IC(7)/MASTER(3)/JCB(5)/WAON(1)/iD(1),17961,交通系IC(5580)/MASTER(2633)/JCB(8587)/WAON(451)/iD(710),54,946,0
2021/07/30,55,50449,30,25789,25,交通系IC(9)/MASTER(6)/選択なし(1)/QUICPay(1)/iD(4)/WAON(1)/JCB(3),24661,交通系IC(7440)/MASTER(7053)/選択なし(1447)/QUICPay(381)/iD(3781)/WAON(1312)/JCB(3247),55,917,0
2021/07/31,80,91751,47,54367,33,交通系IC(17)/MASTER(11)/選択なし(1)/WAON(2)/iD(2),37385,交通系IC(16039)/MASTER(14142)/選択なし(922)/WAON(3165)/iD(3117),80,1147,0
2021/08/1,0,0,0,0,0,,0,,0,0,1
2021/08/2,0,0,0,0,0,,0,,0,0,1
2021/08/3,0,0,0,0,0,,0,,0,0,1
2021/08/4,0,0,0,0,0,,0,,0,0,1
2021/08/5,0,0,0,0,0,,0,,0,0,1
2021/08/6,57,48624,40,34800,17,iD(3)/選択なし(2)/MASTER(4)/交通系IC(7)/JCB(1),13823,iD(1954)/選択なし(1188)/MASTER(4460)/交通系IC(4200)/JCB(2021),57,853,0
2021/08/7,82,82421,54,52226,28,iD(4)/交通系IC(12)/MASTER(9)/選択なし(1)/JCB(2),30194,iD(2325)/交通系IC(6648)/MASTER(15982)/選択なし(3374)/JCB(1865),82,1005,0
2021/08/8,50,58544,25,25716,25,交通系IC(12)/MASTER(7)/iD(4)/JCB(2),32828,交通系IC(10915)/MASTER(12392)/iD(5573)/JCB(3948),50,1171,0
2021/08/9,0,0,0,0,0,,0,,0,0,1
2021/08/10,41,43936,25,27076,16,交通系IC(8)/MASTER(4)/iD(2)/JCB(2),16859,交通系IC(5927)/MASTER(6274)/iD(2792)/JCB(1866),41,1072,0
2021/08/11,44,39312,27,23007,17,交通系IC(6)/WAON(1)/MASTER(4)/JCB(4)/QUICPay(1)/iD(1),16306,交通系IC(3984)/WAON(2354)/MASTER(4383)/JCB(4303)/QUICPay(541)/iD(741),44,893,0
2021/08/12,66,59940,42,35773,24,交通系IC(10)/JCB(3)/選択なし(1)/MASTER(6)/iD(3)/QUICPay(1),24166,交通系IC(7377)/JCB(4105)/選択なし(1386)/MASTER(7290)/iD(3348)/QUICPay(660),66,908,0
2021/08/13,54,52662,33,27301,21,交通系IC(8)/MASTER(9)/選択なし(3)/JCB(1),25360,交通系IC(4583)/MASTER(13306)/選択なし(5780)/JCB(1691),54,975,0
2021/08/14,71,74083,43,41559,28,iD(5)/MASTER(10)/交通系IC(10)/選択なし(1)/WAON(1)/JCB(1),32525,iD(4206)/MASTER(18163)/交通系IC(8224)/選択なし(541)/WAON(1101)/JCB(290),71,1043,0
2021/08/15,57,57092,36,35351,21,MASTER(5)/交通系IC(10)/iD(3)/選択なし(1)/JCB(1)/QUICPay(1),21741,MASTER(5011)/交通系IC(9517)/iD(3360)/選択なし(1131)/JCB(1421)/QUICPay(1301),57,1002,0
2021/08/16,0,0,0,0,0,,0,,0,0,1
2021/08/17,62,57153,45,41494,17,MASTER(4)/交通系IC(8)/iD(2)/JCB(3),15658,MASTER(5754)/交通系IC(5839)/iD(1501)/JCB(2564),62,922,0
2021/08/18,54,46464,38,33098,16,交通系IC(7)/JCB(2)/MASTER(4)/iD(2)/選択なし(1),13367,交通系IC(4306)/JCB(2102)/MASTER(3981)/iD(1006)/選択なし(1972),54,860,0
2021/08/19,58,43500,39,27486,19,JCB(3)/MASTER(3)/交通系IC(12)/iD(1),16014,JCB(2844)/MASTER(3873)/交通系IC(7875)/iD(1422),58,750,0
2021/08/20,73,63054,47,34198,26,選択なし(3)/交通系IC(8)/MASTER(7)/iD(3)/JCB(4)/QUICPay(1),28856,選択なし(3095)/交通系IC(4851)/MASTER(7993)/iD(5026)/JCB(6470)/QUICPay(1421),73,864,0
2021/08/21,81,79294,48,47702,33,MASTER(11)/交通系IC(15)/iD(5)/WAON(1)/選択なし(1),31592,MASTER(12321)/交通系IC(11340)/iD(5705)/WAON(1025)/選択なし(1201),81,979,0
2021/08/22,70,78706,47,54159,23,交通系IC(9)/MASTER(8)/QUICPay(1)/JCB(2)/iD(2)/選択なし(1),24545,交通系IC(4766)/MASTER(11621)/QUICPay(609)/JCB(3348)/iD(2210)/選択なし(1991),70,1124,0
2021/08/23,0,0,0,0,0,,0,,0,0,1
2021/08/24,48,39395,28,19754,20,交通系IC(7)/JCB(3)/iD(2)/MASTER(8),19642,交通系IC(6050)/JCB(3605)/iD(1458)/MASTER(8529),48,821,0
2021/08/25,43,36623,22,18069,21,交通系IC(11)/MASTER(4)/iD(4)/JCB(2),18554,交通系IC(8424)/MASTER(5835)/iD(2890)/JCB(1405),43,852,0
2021/08/26,43,37634,26,24057,17,JCB(4)/交通系IC(9)/iD(1)/MASTER(2)/選択なし(1),13577,JCB(4934)/交通系IC(5409)/iD(510)/MASTER(2013)/選択なし(711),43,875,0
2021/08/27,41,39573,20,16583,21,iD(2)/WAON(1)/交通系IC(9)/JCB(3)/MASTER(4)/QUICPay(2),22989,iD(2635)/WAON(899)/交通系IC(7786)/JCB(2948)/MASTER(6634)/QUICPay(2087),41,965,0
2021/08/28,66,73056,37,39737,29,交通系IC(14)/MASTER(11)/iD(2)/JCB(1)/選択なし(1),33319,交通系IC(16408)/MASTER(11623)/iD(3206)/JCB(231)/選択なし(1851),66,1107,0
2021/08/29,70,69459,35,31885,35,QUICPay(3)/iD(3)/交通系IC(13)/MASTER(9)/JCB(5)/選択なし(2),37575,QUICPay(3756)/iD(2223)/交通系IC(12145)/MASTER(10704)/JCB(5790)/選択なし(2957),70,992,0
2021/08/30,0,0,0,0,0,,0,,0,0,1
2021/08/31,54,43715,32,21128,22,JCB(3)/交通系IC(12)/iD(3)/WAON(1)/MASTER(3),22588,JCB(4596)/交通系IC(11365)/iD(2528)/WAON(646)/MASTER(3453),54,810,0
2021/09/1,60,51288,43,34299,17,交通系IC(8)/JCB(2)/iD(3)/MASTER(2)/選択なし(1)/QUICPay(1),16989,交通系IC(4984)/JCB(2208)/iD(2149)/MASTER(4125)/選択なし(2923)/QUICPay(600),60,855,0
2021/09/2,40,34477,28,23425,12,QUICPay(1)/交通系IC(7)/iD(2)/MASTER(2),11052,QUICPay(882)/交通系IC(5929)/iD(1823)/MASTER(2418),40,862,0
2021/09/3,50,36877,33,24900,17,交通系IC(7)/MASTER(4)/WAON(1)/iD(3)/JCB(2),11977,交通系IC(3344)/MASTER(3687)/WAON(656)/iD(2618)/JCB(1672),50,738,0
2021/09/4,89,89343,55,51260,34,MASTER(10)/選択なし(2)/iD(2)/交通系IC(14)/JCB(5)/QUICPay(1),38084,MASTER(15103)/選択なし(1899)/iD(2641)/交通系IC(11915)/JCB(5997)/QUICPay(529),89,1004,0
2021/09/5,82,82247,54,53999,28,交通系IC(16)/MASTER(8)/iD(2)/JCB(1)/QUICPay(1),28248,交通系IC(10361)/MASTER(12427)/iD(2017)/JCB(1742)/QUICPay(1701),82,1003,0
2021/09/6,0,0,0,0,0,,0,,0,0,1
2021/09/7,82,59890,52,34738,30,交通系IC(18)/JCB(4)/MASTER(5)/iD(2)/選択なし(1),25152,交通系IC(12705)/JCB(5378)/MASTER(5741)/iD(847)/選択なし(481),82,730,0
2021/09/8,44,35812,31,23950,13,MASTER(3)/JCB(1)/選択なし(2)/交通系IC(5)/iD(2),11862,MASTER(3414)/JCB(1372)/選択なし(1492)/交通系IC(3530)/iD(2054),44,814,0
2021/09/9,47,39761,37,26964,10,iD(2)/QUICPay(1)/MASTER(3)/交通系IC(4),12797,iD(1349)/QUICPay(1202)/MASTER(5868)/交通系IC(4378),47,846,0
2021/09/10,76,61467,50,38068,26,MASTER(8)/交通系IC(10)/iD(4)/JCB(3)/QUICPay(1),23399,MASTER(9232)/交通系IC(9842)/iD(1913)/JCB(2072)/QUICPay(340),76,809,0
2021/09/11,86,88282,60,60277,26,iD(4)/選択なし(2)/交通系IC(12)/MASTER(5)/JCB(2)/QUICPay(1),28005,iD(4629)/選択なし(1915)/交通系IC(12466)/MASTER(6180)/JCB(1454)/QUICPay(1361),86,1027,0
2021/09/12,77,71798,48,41767,29,MASTER(6)/選択なし(1)/交通系IC(13)/iD(3)/JCB(4)/QUICPay(2),30031,MASTER(4568)/選択なし(1095)/交通系IC(13042)/iD(3371)/JCB(5920)/QUICPay(2035),77,932,0
2021/09/13,0,0,0,0,0,,0,,0,0,1
2021/09/14,54,43215,36,21846,18,交通系IC(11)/JCB(1)/MASTER(4)/選択なし(2),21370,交通系IC(11483)/JCB(1511)/MASTER(4192)/選択なし(4184),54,800,0
2021/09/15,60,49264,34,26545,26,交通系IC(14)/MASTER(6)/JCB(2)/iD(4),22719,交通系IC(10256)/MASTER(5727)/JCB(1775)/iD(4961),60,821,0
2021/09/16,54,39557,34,27385,20,交通系IC(12)/MASTER(4)/JCB(2)/iD(2),12173,交通系IC(6176)/MASTER(3855)/JCB(672)/iD(1470),54,733,0
2021/09/17,58,49795,39,35514,19,iD(3)/MASTER(4)/交通系IC(7)/選択なし(2)/JCB(3),14280,iD(1992)/MASTER(4450)/交通系IC(3301)/選択なし(2077)/JCB(2460),58,859,0
2021/09/18,47,42797,31,27817,16,MASTER(1)/交通系IC(11)/iD(2)/JCB(1)/QUICPay(1),14979,MASTER(1491)/交通系IC(9788)/iD(1864)/JCB(1152)/QUICPay(684),47,911,0
2021/09/19,88,86863,56,50066,32,iD(3)/交通系IC(14)/MASTER(12)/WAON(1)/QUICPay(1)/JCB(1),36798,iD(1552)/交通系IC(11571)/MASTER(19835)/WAON(2478)/QUICPay(770)/JCB(592),88,987,0
2021/09/20,62,54633,43,35885,19,JCB(5)/交通系IC(9)/MASTER(4)/iD(1),18748,JCB(5018)/交通系IC(6400)/MASTER(6288)/iD(1042),62,881,0
2021/09/21,0,0,0,0,0,,0,,0,0,1
2021/09/22,59,51436,37,32586,22,交通系IC(10)/MASTER(6)/iD(5)/JCB(1),18850,交通系IC(7350)/MASTER(6738)/iD(3281)/JCB(1481),59,872,0
2021/09/23,80,66968,56,47830,24,交通系IC(12)/MASTER(7)/QUICPay(1)/iD(3)/WAON(1),19137,交通系IC(8203)/MASTER(8342)/QUICPay(250)/iD(2142)/WAON(200),80,837,0
2021/09/24,49,42965,29,25333,20,MASTER(9)/iD(1)/交通系IC(7)/JCB(2)/QUICPay(1),17632,MASTER(10607)/iD(965)/交通系IC(4515)/JCB(851)/QUICPay(694),49,877,0
2021/09/25,74,75646,41,41571,33,交通系IC(19)/選択なし(2)/JCB(3)/iD(3)/MASTER(6),34075,交通系IC(18472)/選択なし(2347)/JCB(2683)/iD(5326)/MASTER(5247),74,1022,0
2021/09/26,84,75893,54,50324,30,交通系IC(14)/QUICPay(1)/iD(5)/MASTER(6)/JCB(2)/WAON(2),25569,交通系IC(9190)/QUICPay(521)/iD(5149)/MASTER(5796)/JCB(2160)/WAON(2753),84,903,0
2021/09/27,0,0,0,0,0,,0,,0,0,1
2021/09/28,59,53694,38,30840,21,MASTER(9)/交通系IC(8)/WAON(2)/iD(2),22854,MASTER(15242)/交通系IC(4513)/WAON(1093)/iD(2006),59,910,0
2021/09/29,43,39325,26,24714,17,MASTER(3)/交通系IC(10)/QUICPay(1)/JCB(1)/WAON(1)/iD(1),14610,MASTER(1925)/交通系IC(7498)/QUICPay(470)/JCB(2111)/WAON(2025)/iD(581),43,915,0
2021/09/30,63,51804,40,31054,23,交通系IC(10)/iD(5)/QUICPay(1)/JCB(1)/MASTER(6),20750,交通系IC(8092)/iD(3894)/QUICPay(540)/JCB(581)/MASTER(7643),63,822,0
2021/10/1,21,17049,14,10194,7,JCB(1)/MASTER(4)/交通系IC(1)/iD(1),6856,JCB(1363)/MASTER(4449)/交通系IC(553)/iD(491),21,812,0
2021/10/2,105,96418,59,51988,46,iD(7)/選択なし(1)/交通系IC(24)/MASTER(8)/JCB(4)/WAON(2),44431,iD(6303)/選択なし(1081)/交通系IC(18042)/MASTER(13958)/JCB(3725)/WAON(1322),105,918,0
2021/10/3,81,74427,52,48435,29,JCB(4)/交通系IC(14)/iD(3)/MASTER(8),25993,JCB(2825)/交通系IC(11783)/iD(2272)/MASTER(9113),81,919,0
2021/10/4,0,0,0,0,0,,0,,0,0,1
2021/10/5,0,0,0,0,0,,0,,0,0,1
2021/10/6,53,41856,31,23888,22,選択なし(1)/交通系IC(14)/MASTER(5)/JCB(1)/iD(1),17970,選択なし(781)/交通系IC(10433)/MASTER(5791)/JCB(231)/iD(734),53,790,0
2021/10/7,63,45054,38,26572,25,交通系IC(15)/QUICPay(2)/WAON(1)/JCB(4)/MASTER(3),18483,交通系IC(9446)/QUICPay(721)/WAON(441)/JCB(5205)/MASTER(2670),63,715,0
2021/10/8,58,49504,33,30776,25,選択なし(2)/MASTER(5)/JCB(1)/iD(2)/QUICPay(1)/交通系IC(14),18728,選択なし(2073)/MASTER(4676)/JCB(525)/iD(3122)/QUICPay(365)/交通系IC(7967),58,854,0
2021/10/9,82,76855,49,45159,33,iD(8)/MASTER(8)/JCB(4)/交通系IC(12)/QUICPay(1),31695,iD(7919)/MASTER(10114)/JCB(4151)/交通系IC(9241)/QUICPay(270),82,937,0
2021/10/10,76,72596,51,44352,25,交通系IC(15)/QUICPay(2)/MASTER(4)/JCB(3)/WAON(1),28245,交通系IC(14858)/QUICPay(1745)/MASTER(5675)/JCB(5263)/WAON(704),76,955,0
2021/10/11,0,0,0,0,0,,0,,0,0,1
2021/10/12,41,33207,28,20348,13,交通系IC(5)/MASTER(3)/JCB(2)/iD(3),12859,交通系IC(3816)/MASTER(4420)/JCB(1064)/iD(3559),41,810,0
2021/10/13,52,34483,30,20013,22,MASTER(5)/交通系IC(11)/JCB(2)/選択なし(2)/iD(2),14469,MASTER(3710)/交通系IC(6194)/JCB(1514)/選択なし(1624)/iD(1427),52,663,0
2021/10/14,67,62744,38,35076,29,交通系IC(15)/JCB(1)/MASTER(9)/iD(3)/選択なし(1),27668,交通系IC(9771)/JCB(1075)/MASTER(12370)/iD(3741)/選択なし(711),67,936,0
2021/10/15,57,44034,35,24960,22,交通系IC(11)/MASTER(9)/JCB(1)/QUICPay(1),19074,交通系IC(5871)/MASTER(10381)/JCB(1481)/QUICPay(1341),57,773,0
2021/10/16,78,83261,48,50463,30,JCB(3)/選択なし(1)/交通系IC(11)/MASTER(10)/QUICPay(1)/iD(4),32799,JCB(3966)/選択なし(1072)/交通系IC(10439)/MASTER(13920)/QUICPay(340)/iD(3062),78,1067,0
2021/10/17,71,63553,37,33574,34,選択なし(1)/交通系IC(22)/MASTER(4)/iD(3)/JCB(1)/QUICPay(2)/WAON(1),29978,選択なし(1512)/交通系IC(17591)/MASTER(3157)/iD(2358)/JCB(2667)/QUICPay(1521)/WAON(1172),71,895,0
2021/10/18,0,0,0,0,0,,0,,0,0,1
2021/10/19,56,46749,37,28327,19,MASTER(4)/JCB(3)/交通系IC(8)/iD(4),18422,MASTER(6068)/JCB(3906)/交通系IC(5045)/iD(3403),56,835,0
2021/10/20,76,57274,51,39878,25,MASTER(5)/交通系IC(14)/iD(5)/JCB(1),17397,MASTER(3645)/交通系IC(9037)/iD(4484)/JCB(231),76,754,0
2021/10/21,56,46958,38,32399,18,JCB(2)/MASTER(5)/iD(2)/交通系IC(8)/QUICPay(1),14559,JCB(1764)/MASTER(3454)/iD(1994)/交通系IC(6592)/QUICPay(755),56,839,0
2021/10/22,44,38077,32,25458,13,選択なし(1)/JMS連携 交通系IC(1)/交通系IC(5)/MASTER(3)/JCB(1)/iD(1)/QUICPay(1),12618,選択なし(1151)/JMS連携 交通系IC(431)/交通系IC(3031)/MASTER(4324)/JCB(1815)/iD(1131)/QUICPay(735),44,865,0
2021/10/23,101,94182,67,57664,34,交通系IC(9)/MASTER(13)/JCB(5)/WAON(2)/iD(3)/選択なし(1)/QUICPay(1),36519,交通系IC(7651)/MASTER(13231)/JCB(4699)/WAON(3143)/iD(2596)/選択なし(1757)/QUICPay(3442),101,933,0
2021/10/24,93,87018,52,44475,41,交通系IC(21)/選択なし(2)/JCB(2)/iD(5)/MASTER(11),42543,交通系IC(18483)/選択なし(3471)/JCB(2670)/iD(4252)/MASTER(13667),93,936,0
2021/10/25,0,0,0,0,0,,0,,0,0,1
2021/10/26,55,42442,44,33679,11,交通系IC(4)/JCB(1)/MASTER(4)/iD(2),8763,交通系IC(1753)/JCB(1463)/MASTER(4586)/iD(961),55,772,0
2021/10/27,60,52177,40,27892,20,交通系IC(12)/MASTER(3)/選択なし(1)/JCB(3)/iD(1),24285,交通系IC(14459)/MASTER(3930)/選択なし(1900)/JCB(2794)/iD(1202),60,870,0
2021/10/28,67,52391,43,33139,24,JCB(3)/MASTER(7)/交通系IC(10)/iD(3)/WAON(1),19252,JCB(1855)/MASTER(6875)/交通系IC(7337)/iD(2454)/WAON(731),67,782,0
2021/10/29,67,52914,43,33495,24,JCB(2)/MASTER(5)/選択なし(1)/iD(5)/交通系IC(9)/WAON(1)/QUICPay(1),19419,JCB(1789)/MASTER(4701)/選択なし(1072)/iD(3042)/交通系IC(8024)/WAON(501)/QUICPay(290),67,790,0
2021/10/30,103,106434,60,61322,43,JCB(3)/交通系IC(24)/MASTER(6)/WAON(2)/選択なし(1)/iD(6)/QUICPay(1),45112,JCB(4049)/交通系IC(22596)/MASTER(8992)/WAON(947)/選択なし(1680)/iD(6067)/QUICPay(781),103,1033,0
2021/10/31,110,100198,66,63548,44,交通系IC(24)/MASTER(11)/JCB(1)/QUICPay(2)/選択なし(1)/iD(5),36649,交通系IC(17839)/MASTER(11269)/JCB(333)/QUICPay(1491)/選択なし(1714)/iD(4003),110,911,0
2021/11/1,0,0,0,0,0,,0,,0,0,1
2021/11/2,75,58091,50,37221,25,MASTER(10)/JCB(5)/選択なし(1)/交通系IC(5)/iD(4),20869,MASTER(10531)/JCB(3776)/選択なし(600)/交通系IC(2990)/iD(2972),75,775,0
2021/11/3,88,74262,54,39872,34,JCB(5)/交通系IC(16)/MASTER(6)/選択なし(2)/iD(5),34390,JCB(4781)/交通系IC(13276)/MASTER(8135)/選択なし(2732)/iD(5466),88,844,0
2021/11/4,53,47695,35,30408,18,交通系IC(8)/MASTER(2)/iD(4)/JCB(4),17288,交通系IC(6015)/MASTER(4379)/iD(3868)/JCB(3026),53,900,0
2021/11/5,66,54376,40,26746,26,QUICPay(1)/JCB(3)/MASTER(11)/選択なし(2)/交通系IC(8)/iD(1),27630,QUICPay(1572)/JCB(2260)/MASTER(12173)/選択なし(2066)/交通系IC(8945)/iD(614),66,824,0
2021/11/6,101,97191,66,59766,35,iD(5)/MASTER(9)/交通系IC(17)/JCB(2)/選択なし(2),37426,iD(3266)/MASTER(12527)/交通系IC(16692)/JCB(1962)/選択なし(2979),101,962,0
2021/11/7,91,84923,53,53132,38,交通系IC(16)/MASTER(7)/JCB(5)/iD(7)/QUICPay(3),31790,交通系IC(12694)/MASTER(5339)/JCB(4939)/iD(6877)/QUICPay(1941),91,933,0
2021/11/8,0,0,0,0,0,,0,,0,0,1
2021/11/9,37,32309,25,18542,12,JCB(2)/iD(3)/MASTER(3)/交通系IC(4),13767,JCB(4468)/iD(2764)/MASTER(2427)/交通系IC(4108),37,873,0
2021/11/10,62,47837,40,31424,22,交通系IC(10)/MASTER(8)/JCB(1)/選択なし(1)/QUICPay(1)/iD(1),16412,交通系IC(6449)/MASTER(6170)/JCB(798)/選択なし(1342)/QUICPay(992)/iD(661),62,772,0
2021/11/11,52,37512,36,24763,16,MASTER(4)/JCB(3)/交通系IC(7)/iD(1)/QUICPay(1),12750,MASTER(3093)/JCB(2375)/交通系IC(5616)/iD(540)/QUICPay(1126),52,721,0
2021/11/12,63,48234,49,33081,14,iD(2)/JCB(3)/MASTER(7)/選択なし(1)/交通系IC(1),15153,iD(671)/JCB(5377)/MASTER(7483)/選択なし(911)/交通系IC(711),63,766,0
2021/11/13,98,102080,59,67131,39,MASTER(14)/交通系IC(17)/JCB(5)/iD(2)/選択なし(1),34950,MASTER(13514)/交通系IC(14655)/JCB(4436)/iD(1891)/選択なし(454),98,1042,0
2021/11/14,96,98150,54,48441,42,MASTER(17)/QUICPay(1)/交通系IC(17)/iD(4)/JCB(2)/WAON(1),49710,MASTER(22684)/QUICPay(654)/交通系IC(18601)/iD(3786)/JCB(1382)/WAON(2603),96,1022,0
2021/11/15,0,0,0,0,0,,0,,0,0,1
2021/11/16,67,50239,48,35938,19,iD(3)/MASTER(4)/QUICPay(2)/交通系IC(4)/JCB(4)/選択なし(2),14299,iD(1341)/MASTER(3086)/QUICPay(850)/交通系IC(3768)/JCB(3627)/選択なし(1627),67,750,0
2021/11/17,58,50782,37,34008,21,交通系IC(8)/MASTER(5)/JCB(2)/iD(4)/WAON(1)/QUICPay(1),16774,交通系IC(5122)/MASTER(3611)/JCB(2625)/iD(4145)/WAON(1071)/QUICPay(200),58,876,0
2021/11/18,50,36709,31,21186,19,iD(3)/MASTER(6)/交通系IC(7)/JCB(2)/QUICPay(1),15523,iD(3365)/MASTER(4070)/交通系IC(4413)/JCB(2624)/QUICPay(1051),50,734,0
2021/11/19,71,60692,48,36928,23,MASTER(3)/交通系IC(12)/JCB(3)/選択なし(1)/iD(4),23764,MASTER(4392)/交通系IC(9336)/JCB(3385)/選択なし(1182)/iD(5469),71,855,0
2021/11/20,114,124211,66,69121,48,iD(4)/交通系IC(22)/MASTER(20)/選択なし(1)/JCB(1),55091,iD(3277)/交通系IC(20475)/MASTER(29055)/選択なし(721)/JCB(1563),114,1090,0
2021/11/21,71,67953,37,30696,34,JCB(5)/MASTER(8)/iD(6)/WAON(1)/交通系IC(13)/QUICPay(1),37257,JCB(11456)/MASTER(11508)/iD(4283)/WAON(441)/交通系IC(9369)/QUICPay(200),71,957,0
2021/11/22,0,0,0,0,0,,0,,0,0,1
2021/11/23,106,95941,52,43353,54,MASTER(20)/JCB(5)/交通系IC(18)/iD(8)/QUICPay(2)/選択なし(1),52587,MASTER(20429)/JCB(5529)/交通系IC(16940)/iD(8011)/QUICPay(786)/選択なし(892),106,905,0
2021/11/24,58,45849,38,30493,20,交通系IC(9)/MASTER(5)/iD(3)/JCB(1)/選択なし(2),15355,交通系IC(3372)/MASTER(5591)/iD(3035)/JCB(1026)/選択なし(2331),58,791,0
2021/11/25,56,44152,30,20727,26,MASTER(4)/交通系IC(12)/iD(2)/JCB(5)/WAON(1)/選択なし(1)/QUICPay(1),23425,MASTER(4006)/交通系IC(8113)/iD(1021)/JCB(6902)/WAON(306)/選択なし(2877)/QUICPay(200),56,788,0
2021/11/26,51,42952,30,23276,21,交通系IC(8)/MASTER(8)/iD(2)/選択なし(1)/JCB(1)/QUICPay(1),19676,交通系IC(4662)/MASTER(11059)/iD(1156)/選択なし(1124)/JCB(644)/QUICPay(1031),51,842,0
2021/11/27,90,93698,57,54897,33,JCB(6)/交通系IC(10)/QUICPay(1)/iD(6)/MASTER(10),38802,JCB(13785)/交通系IC(7753)/QUICPay(181)/iD(4701)/MASTER(12382),90,1041,0
2021/11/28,88,91411,51,49818,37,MASTER(13)/交通系IC(13)/選択なし(2)/JCB(7)/QUICPay(1)/iD(1),41594,MASTER(16256)/交通系IC(12503)/選択なし(2623)/JCB(8483)/QUICPay(974)/iD(755),88,1039,0
2021/11/29,0,0,0,0,0,,0,,0,0,1
2021/11/30,76,58328,50,38948,26,MASTER(5)/JCB(2)/交通系IC(15)/iD(3)/QUICPay(1),19380,MASTER(4574)/JCB(4276)/交通系IC(8178)/iD(2121)/QUICPay(231),76,767,0
2021/12/1,63,51185,37,27166,26,MASTER(8)/交通系IC(13)/QUICPay(2)/選択なし(1)/JCB(2),24019,MASTER(5323)/交通系IC(13088)/QUICPay(900)/選択なし(1031)/JCB(3677),63,812,0
2021/12/2,56,43680,33,23194,23,JCB(1)/WAON(1)/MASTER(5)/交通系IC(13)/iD(3),20488,JCB(290)/WAON(1760)/MASTER(5556)/交通系IC(9674)/iD(3208),56,780,0
2021/12/3,70,59843,39,32468,31,JCB(3)/交通系IC(10)/選択なし(5)/MASTER(8)/iD(4)/QUICPay(1),27375,JCB(3106)/交通系IC(7229)/選択なし(5512)/MASTER(7317)/iD(3941)/QUICPay(270),70,855,0
2021/12/4,105,131484,59,59098,46,MASTER(25)/交通系IC(12)/iD(7)/JCB(2),72386,MASTER(41958)/交通系IC(13770)/iD(8571)/JCB(8087),105,1252,0
2021/12/5,95,82617,58,45359,37,MASTER(11)/交通系IC(14)/WAON(1)/JCB(6)/iD(5),37258,MASTER(14753)/交通系IC(9922)/WAON(330)/JCB(6248)/iD(6005),95,870,0
2021/12/6,0,0,0,0,0,,0,,0,0,1
2021/12/7,69,49819,50,36692,19,交通系IC(11)/MASTER(4)/iD(2)/QUICPay(2),13127,交通系IC(7264)/MASTER(4051)/iD(1041)/QUICPay(771),69,722,0
2021/12/8,43,32673,23,16255,20,交通系IC(9)/JCB(3)/MASTER(5)/iD(3),16418,交通系IC(5728)/JCB(3222)/MASTER(3641)/iD(3827),43,760,0
2021/12/9,69,52138,47,31142,22,JCB(2)/交通系IC(7)/MASTER(10)/iD(2)/QUICPay(1),20997,JCB(1952)/交通系IC(3825)/MASTER(12875)/iD(1183)/QUICPay(1162),69,756,0
2021/12/10,56,51304,30,31706,26,JCB(7)/交通系IC(10)/選択なし(1)/MASTER(8),19598,JCB(4959)/交通系IC(6772)/選択なし(1261)/MASTER(6606),56,916,0
2021/12/11,92,94908,54,47438,38,交通系IC(17)/MASTER(10)/iD(3)/JCB(5)/選択なし(1)/WAON(1)/QUICPay(1),47470,交通系IC(22254)/MASTER(15309)/iD(2111)/JCB(5442)/選択なし(621)/WAON(483)/QUICPay(1250),92,1032,0
2021/12/12,88,84943,44,37938,44,交通系IC(16)/QUICPay(2)/MASTER(17)/JCB(5)/iD(3)/WAON(1),47005,交通系IC(11274)/QUICPay(1595)/MASTER(23940)/JCB(4846)/iD(4239)/WAON(1111),88,965,0
2021/12/13,0,0,0,0,0,,0,,0,0,1
2021/12/14,44,31686,27,22069,17,交通系IC(12)/QUICPay(1)/MASTER(2)/iD(2),9617,交通系IC(5630)/QUICPay(540)/MASTER(2561)/iD(886),44,720,0
2021/12/15,59,50805,35,25195,24,交通系IC(8)/MASTER(11)/選択なし(2)/QUICPay(1)/JCB(1)/iD(1),25610,交通系IC(9922)/MASTER(11836)/選択なし(1341)/QUICPay(1091)/JCB(499)/iD(921),59,861,0
2021/12/16,52,39234,33,22545,19,交通系IC(10)/MASTER(6)/iD(2)/WAON(1),16689,交通系IC(6216)/MASTER(7971)/iD(1941)/WAON(561),52,755,0
2021/12/17,46,44161,25,21779,21,交通系IC(6)/選択なし(2)/MASTER(6)/WAON(1)/QUICPay(1)/JCB(3)/iD(2),22384,交通系IC(4210)/選択なし(4813)/MASTER(4941)/WAON(330)/QUICPay(741)/JCB(4012)/iD(3337),46,960,0
2021/12/18,98,102060,65,64838,33,iD(5)/選択なし(1)/交通系IC(17)/MASTER(6)/QUICPay(1)/JCB(3),37221,iD(3164)/選択なし(861)/交通系IC(18432)/MASTER(7859)/QUICPay(5502)/JCB(1403),98,1041,0
2021/12/19,74,80071,41,48536,33,MASTER(8)/交通系IC(14)/JCB(5)/iD(5)/QUICPay(1),31535,MASTER(7631)/交通系IC(12853)/JCB(5549)/iD(4407)/QUICPay(1095),74,1082,0
2021/12/20,0,0,0,0,0,,0,,0,0,1
2021/12/21,78,73563,54,45466,24,MASTER(9)/QUICPay(1)/交通系IC(7)/iD(2)/選択なし(1)/JCB(4),28096,MASTER(16449)/QUICPay(620)/交通系IC(4207)/iD(1895)/選択なし(729)/JCB(4196),78,943,0
2021/12/22,57,52221,36,31331,21,JCB(2)/MASTER(7)/交通系IC(8)/iD(4),20890,JCB(3646)/MASTER(6688)/交通系IC(6391)/iD(4165),57,916,0
2021/12/23,58,64584,40,41971,18,交通系IC(9)/iD(3)/MASTER(5)/JCB(1),22614,交通系IC(13753)/iD(1322)/MASTER(7059)/JCB(480),58,1114,0
2021/12/24,75,71020,43,42320,32,交通系IC(9)/WAON(2)/MASTER(14)/JCB(3)/選択なし(1)/QUICPay(1)/iD(2),28700,交通系IC(4945)/WAON(1771)/MASTER(15256)/JCB(2329)/選択なし(991)/QUICPay(375)/iD(3033),75,947,0
2021/12/25,88,105051,53,58691,35,MASTER(15)/交通系IC(14)/JCB(2)/QUICPay(1)/選択なし(1)/iD(2),46360,MASTER(26875)/交通系IC(11085)/JCB(981)/QUICPay(1421)/選択なし(1483)/iD(4515),88,1194,0
2021/12/26,63,61509,43,37044,20,JCB(2)/交通系IC(6)/MASTER(8)/iD(3)/QUICPay(1),24465,JCB(4444)/交通系IC(4460)/MASTER(9845)/iD(4870)/QUICPay(846),63,976,0
2021/12/27,0,0,0,0,0,,0,,0,0,1
2021/12/28,70,60807,39,34470,31,JCB(6)/QUICPay(3)/選択なし(1)/MASTER(8)/交通系IC(10)/iD(3),26338,JCB(6330)/QUICPay(1911)/選択なし(1119)/MASTER(7739)/交通系IC(7006)/iD(2233),70,869,0
2021/12/29,62,53977,41,33079,21,交通系IC(7)/MASTER(10)/JCB(3)/QUICPay(1),20897,交通系IC(4229)/MASTER(13479)/JCB(1780)/QUICPay(1409),62,871,0
2021/12/30,73,64823,47,38432,26,JCB(3)/iD(4)/MASTER(10)/選択なし(2)/交通系IC(5)/WAON(1)/QUICPay(1),26391,JCB(3868)/iD(3590)/MASTER(9774)/選択なし(2903)/交通系IC(5234)/WAON(381)/QUICPay(641),73,888,0
2021/12/31,52,55818,33,31779,19,JCB(2)/選択なし(2)/MASTER(7)/交通系IC(4)/iD(2)/WAON(2),24039,JCB(4555)/選択なし(2420)/MASTER(6622)/交通系IC(5921)/iD(2444)/WAON(2077),52,1073,0
2022/01/1,40,52433,27,37844,13,交通系IC(5)/MASTER(6)/iD(1)/JCB(1),14588,交通系IC(5271)/MASTER(8115)/iD(400)/JCB(802),40,1311,0
2022/01/2,62,64289,38,38998,24,MASTER(11)/交通系IC(10)/選択なし(1)/iD(1)/JCB(1),25291,MASTER(10931)/交通系IC(9731)/選択なし(1211)/iD(1767)/JCB(1651),62,1037,0
2022/01/3,0,0,0,0,0,,0,,0,0,1
2022/01/4,73,69718,45,41820,28,交通系IC(13)/MASTER(10)/JCB(3)/iD(2),27898,交通系IC(9773)/MASTER(12053)/JCB(3969)/iD(2103),73,955,0
2022/01/5,58,51158,35,31336,23,MASTER(9)/交通系IC(6)/選択なし(2)/JCB(4)/iD(2),19823,MASTER(9631)/交通系IC(3912)/選択なし(1270)/JCB(3524)/iD(1486),58,882,0
2022/01/6,48,47322,31,31558,17,MASTER(5)/交通系IC(7)/iD(3)/JCB(1)/QUICPay(1),15764,MASTER(7504)/交通系IC(4937)/iD(2552)/JCB(441)/QUICPay(330),48,986,0
2022/01/7,51,43249,37,31916,14,選択なし(1)/交通系IC(7)/MASTER(5)/JCB(1),11334,選択なし(1021)/交通系IC(4675)/MASTER(4314)/JCB(1324),51,848,0
2022/01/8,98,98099,61,53792,37,MASTER(12)/交通系IC(15)/選択なし(4)/WAON(1)/iD(2)/JCB(2)/QUICPay(1),44307,MASTER(15548)/交通系IC(14178)/選択なし(6371)/WAON(699)/iD(4427)/JCB(2462)/QUICPay(622),98,1001,0
2022/01/9,80,71321,44,35200,36,交通系IC(14)/JCB(7)/MASTER(9)/QUICPay(4)/iD(2),36122,交通系IC(16225)/JCB(6913)/MASTER(9261)/QUICPay(2512)/iD(1211),80,892,0
2022/01/10,0,0,0,0,0,,0,,0,0,1
2022/01/11,0,0,0,0,0,,0,,0,0,1
2022/01/12,0,0,0,0,0,,0,,0,0,1
2022/01/13,0,0,0,0,0,,0,,0,0,1
2022/01/14,0,0,0,0,0,,0,,0,0,1
2022/01/15,73,72519,40,40763,33,MASTER(8)/選択なし(3)/JCB(5)/交通系IC(12)/iD(4)/WAON(1),31758,MASTER(10257)/選択なし(4012)/JCB(5430)/交通系IC(7227)/iD(4111)/WAON(721),73,993,0
2022/01/16,97,79321,60,47590,37,JCB(6)/交通系IC(17)/MASTER(11)/QUICPay(2)/iD(1),31731,JCB(3753)/交通系IC(13101)/MASTER(11764)/QUICPay(1532)/iD(1581),97,818,0
2022/01/17,0,0,0,0,0,,0,,0,0,1
2022/01/18,83,58192,49,33329,34,交通系IC(18)/MASTER(6)/選択なし(2)/iD(5)/JCB(1)/QUICPay(2),24863,交通系IC(10879)/MASTER(5896)/選択なし(2451)/iD(4250)/JCB(883)/QUICPay(504),83,701,0
2022/01/19,65,50709,38,30705,27,MASTER(11)/交通系IC(10)/iD(3)/JCB(1)/QUICPay(2),20004,MASTER(8324)/交通系IC(6982)/iD(2703)/JCB(1424)/QUICPay(571),65,780,0
2022/01/20,47,40121,29,20602,18,MASTER(8)/iD(1)/交通系IC(8)/JCB(1),19519,MASTER(8952)/iD(724)/交通系IC(8532)/JCB(1311),47,854,0
2022/01/21,49,36103,30,21893,19,MASTER(3)/交通系IC(12)/iD(3)/JCB(1),14210,MASTER(2974)/交通系IC(8267)/iD(2017)/JCB(952),49,737,0
2022/01/22,104,93763,55,47495,49,JCB(6)/交通系IC(20)/MASTER(16)/選択なし(2)/QUICPay(2)/iD(3),46267,JCB(4141)/交通系IC(15211)/MASTER(18801)/選択なし(3139)/QUICPay(1831)/iD(3144),104,902,0
2022/01/23,89,81822,43,36991,46,MASTER(14)/交通系IC(23)/iD(4)/選択なし(1)/JCB(3)/WAON(1),44831,MASTER(14323)/交通系IC(20261)/iD(4261)/選択なし(926)/JCB(2109)/WAON(2951),89,919,0
2022/01/24,0,0,0,0,0,,0,,0,0,1
2022/01/25,61,45878,32,22658,29,交通系IC(14)/JCB(2)/WAON(1)/MASTER(5)/iD(4)/選択なし(2)/QUICPay(1),23220,交通系IC(7804)/JCB(3067)/WAON(330)/MASTER(6397)/iD(2966)/選択なし(2352)/QUICPay(304),61,752,0
2022/01/26,43,36562,23,16817,20,JCB(2)/MASTER(2)/選択なし(3)/iD(3)/交通系IC(9)/QUICPay(1),19745,JCB(2898)/MASTER(1871)/選択なし(4543)/iD(1781)/交通系IC(8192)/QUICPay(460),43,850,0
2022/01/27,69,55899,40,32171,29,JCB(3)/MASTER(9)/交通系IC(12)/iD(2)/QUICPay(3),23729,JCB(2619)/MASTER(9304)/交通系IC(8568)/iD(991)/QUICPay(2247),69,810,0
2022/01/28,49,42871,32,29651,17,JCB(3)/MASTER(6)/交通系IC(6)/iD(2),13220,JCB(3399)/MASTER(4446)/交通系IC(4624)/iD(751),49,875,0
2022/01/29,99,104187,57,55869,42,MASTER(16)/QUICPay(2)/選択なし(3)/交通系IC(15)/JCB(3)/iD(3),48319,MASTER(18491)/QUICPay(1504)/選択なし(3469)/交通系IC(16092)/JCB(4513)/iD(4250),99,1052,0
2022/01/30,91,82645,51,44490,40,JCB(5)/交通系IC(20)/MASTER(9)/iD(3)/WAON(2)/QUICPay(1),38155,JCB(4460)/交通系IC(16917)/MASTER(10787)/iD(3636)/WAON(2152)/QUICPay(203),91,908,0
2022/01/31,0,0,0,0,0,,0,,0,0,1
2022/02/1,78,64606,45,35423,33,選択なし(2)/QUICPay(3)/MASTER(10)/iD(5)/JCB(1)/交通系IC(12),29182,選択なし(1063)/QUICPay(2585)/MASTER(12640)/iD(2983)/JCB(330)/交通系IC(9581),78,828,0
2022/02/2,62,46455,30,23927,32,MASTER(10)/JCB(2)/iD(5)/交通系IC(14)/選択なし(1),22528,MASTER(8668)/JCB(2162)/iD(3321)/交通系IC(7727)/選択なし(650),62,749,0
2022/02/3,49,44382,30,28369,19,交通系IC(10)/JCB(2)/選択なし(1)/Master(5)/QUICPay(1),16012,交通系IC(5644)/JCB(2681)/選択なし(1651)/Master(4850)/QUICPay(1186),49,906,0
2022/02/4,53,55723,31,33185,22,交通系IC(11)/Master(8)/iD(1)/JCB(2),22537,交通系IC(8372)/Master(12411)/iD(690)/JCB(1064),53,1051,0
2022/02/5,101,98316,54,46721,47,選択なし(4)/iD(6)/交通系IC(12)/Master(17)/QUICPay(5)/JCB(3),51595,選択なし(4139)/iD(4187)/交通系IC(7873)/Master(27769)/QUICPay(3631)/JCB(3996),101,973,0
2022/02/6,96,92939,49,42543,47,交通系IC(25)/JCB(6)/iD(3)/Master(10)/QUICPay(1)/選択なし(2),50395,交通系IC(22518)/JCB(4861)/iD(2321)/Master(17276)/QUICPay(634)/選択なし(2785),96,968,0
2022/02/7,0,0,0,0,0,,0,,0,0,1
2022/02/8,66,57822,36,30682,30,交通系IC(10)/JCB(3)/Master(13)/QUICPay(1)/iD(3),27139,交通系IC(5039)/JCB(4305)/Master(14481)/QUICPay(600)/iD(2714),66,876,0
2022/02/9,73,54687,38,27490,35,交通系IC(17)/Master(11)/JCB(1)/選択なし(1)/iD(4)/QUICPay(1),27195,交通系IC(8988)/Master(12963)/JCB(1391)/選択なし(363)/iD(3217)/QUICPay(273),73,749,0
2022/02/10,41,38241,28,27426,13,JCB(4)/交通系IC(5)/Master(4),10816,JCB(3486)/交通系IC(2588)/Master(4742),41,933,0
2022/02/11,73,66771,37,32114,36,交通系IC(14)/JCB(5)/Master(11)/iD(4)/QUICPay(2),34656,交通系IC(11553)/JCB(6189)/Master(10770)/iD(4693)/QUICPay(1451),73,915,0
2022/02/12,94,98661,50,54444,44,Master(14)/交通系IC(15)/iD(7)/JCB(5)/WAON(1)/選択なし(1)/QUICPay(1),44215,Master(15428)/交通系IC(11609)/iD(6399)/JCB(7706)/WAON(686)/選択なし(874)/QUICPay(1513),94,1050,0
2022/02/13,60,57453,25,25542,35,交通系IC(20)/Master(6)/JCB(1)/iD(6)/QUICPay(2),31911,交通系IC(16511)/Master(8705)/JCB(490)/iD(5471)/QUICPay(734),60,958,0
2022/02/14,0,0,0,0,0,,0,,0,0,1
2022/02/15,84,75752,44,34522,40,JCB(5)/交通系IC(11)/Master(19)/iD(5),41230,JCB(6201)/交通系IC(7544)/Master(22728)/iD(4757),84,902,0
2022/02/16,57,50639,33,27108,24,交通系IC(11)/Master(7)/選択なし(2)/QUICPay(2)/JCB(1)/iD(1),23531,交通系IC(11473)/Master(7684)/選択なし(2050)/QUICPay(1133)/JCB(300)/iD(891),57,888,0
2022/02/17,54,51211,38,32108,16,Master(7)/JCB(1)/交通系IC(6)/iD(2),19104,Master(8624)/JCB(531)/交通系IC(7140)/iD(2809),54,948,0
2022/02/18,77,63341,46,37469,31,交通系IC(15)/選択なし(1)/Master(9)/JCB(2)/iD(3)/QUICPay(1),25871,交通系IC(7989)/選択なし(821)/Master(9804)/JCB(3108)/iD(3879)/QUICPay(270),77,823,0
2022/02/19,84,82014,47,43322,37,Master(12)/iD(3)/交通系IC(15)/選択なし(2)/WAON(1)/JCB(4),38691,Master(13667)/iD(2582)/交通系IC(14686)/選択なし(2270)/WAON(139)/JCB(5347),84,976,0
2022/02/20,64,67117,39,37873,25,交通系IC(10)/Master(11)/JCB(1)/iD(2)/QUICPay(1),29245,交通系IC(8017)/Master(17828)/JCB(603)/iD(2076)/QUICPay(721),64,1049,0
2022/02/21,0,0,0,0,0,,0,,0,0,1
2022/02/22,71,63736,40,36968,31,Master(11)/交通系IC(14)/WAON(1)/JCB(3)/iD(1)/選択なし(1),26769,Master(10619)/交通系IC(9603)/WAON(482)/JCB(3211)/iD(1406)/選択なし(1448),71,898,0
2022/02/23,96,82929,55,45768,41,JCB(2)/Master(12)/交通系IC(15)/iD(10)/QUICPay(2),37162,JCB(2327)/Master(11095)/交通系IC(13811)/iD(8657)/QUICPay(1272),96,864,0
2022/02/24,64,49429,35,23617,29,交通系IC(13)/JCB(4)/選択なし(3)/Master(7)/WAON(1)/QUICPay(1),25813,交通系IC(9440)/JCB(4301)/選択なし(3515)/Master(7961)/WAON(396)/QUICPay(200),64,772,0
2022/02/25,70,60301,35,27378,35,交通系IC(15)/JCB(5)/Master(10)/iD(4)/QUICPay(1),32923,交通系IC(9237)/JCB(7624)/Master(10874)/iD(4242)/QUICPay(946),70,861,0
2022/02/26,102,104961,56,51149,46,交通系IC(22)/iD(7)/Master(14)/選択なし(1)/JCB(2),53812,交通系IC(16001)/iD(8005)/Master(23086)/選択なし(1581)/JCB(5139),102,1029,0
2022/02/27,95,84760,56,42940,39,Master(10)/交通系IC(17)/iD(7)/WAON(1)/JCB(3)/選択なし(1),41819,Master(12202)/交通系IC(16526)/iD(5740)/WAON(410)/JCB(3902)/選択なし(3039),95,892,0
2022/02/28,0,0,0,0,0,,0,,0,0,1
2022/03/1,87,76357,50,38954,37,JCB(4)/交通系IC(13)/選択なし(5)/Master(11)/iD(3)/WAON(1),37402,JCB(4453)/交通系IC(8965)/選択なし(5694)/Master(14818)/iD(2331)/WAON(1141),87,878,0
2022/03/2,47,40113,27,19866,20,QUICPay(1)/Master(6)/iD(2)/選択なし(1)/JCB(2)/交通系IC(7)/WAON(1),20247,QUICPay(330)/Master(7106)/iD(1221)/選択なし(860)/JCB(4372)/交通系IC(4972)/WAON(1386),47,853,0
2022/03/3,57,48795,38,28814,19,JCB(2)/交通系IC(9)/Master(5)/iD(3),19980,JCB(1835)/交通系IC(9055)/Master(6791)/iD(2299),57,856,0
2022/03/4,55,54837,37,35917,18,JCB(3)/Master(9)/交通系IC(5)/QUICPay(1),18920,JCB(2668)/Master(10459)/交通系IC(5333)/QUICPay(460),55,997,0
2022/03/5,108,107129,58,57352,50,JCB(5)/WAON(1)/iD(6)/Master(17)/交通系IC(21),49778,JCB(3899)/WAON(571)/iD(5638)/Master(20728)/交通系IC(18942),108,992,0
2022/03/6,85,85044,58,58152,28,交通系IC(15)/Master(5)/iD(5)/JCB(3),26892,交通系IC(13597)/Master(6284)/iD(4493)/JCB(2518),85,1001,0
2022/03/7,0,0,0,0,0,,0,,0,0,1
2022/03/8,0,0,0,0,0,,0,,0,0,1
2022/03/9,68,62357,34,34137,34,JCB(5)/交通系IC(19)/Master(9)/iD(1),28220,JCB(4378)/交通系IC(12794)/Master(10237)/iD(811),68,917,0
2022/03/10,63,53322,41,34363,22,Master(10)/JCB(2)/交通系IC(7)/選択なし(1)/iD(1)/QUICPay(1),18959,Master(11269)/JCB(530)/交通系IC(4843)/選択なし(860)/iD(1257)/QUICPay(200),63,846,0
2022/03/11,61,54311,38,32511,23,Master(8)/iD(3)/交通系IC(8)/JCB(4),21800,Master(10457)/iD(2891)/交通系IC(5227)/JCB(3225),61,890,0
2022/03/12,94,95484,55,53270,39,iD(5)/交通系IC(16)/Master(11)/選択なし(5)/JCB(2),42213,iD(4698)/交通系IC(13195)/Master(15139)/選択なし(6711)/JCB(2470),94,1016,0
2022/03/13,85,86264,48,47222,37,iD(5)/交通系IC(15)/Master(10)/JCB(5)/選択なし(2),39041,iD(3695)/交通系IC(13508)/Master(14351)/JCB(3869)/選択なし(3618),85,1015,0
2022/03/14,0,0,0,0,0,,0,,0,0,1
2022/03/15,77,65418,45,35732,32,交通系IC(17)/Master(11)/QUICPay(1)/iD(2)/JCB(1),29685,交通系IC(11656)/Master(14546)/QUICPay(949)/iD(1753)/JCB(781),77,850,0
2022/03/16,61,55767,40,37921,21,JCB(3)/Master(8)/選択なし(2)/iD(3)/交通系IC(5),17847,JCB(3184)/Master(8354)/選択なし(1095)/iD(2798)/交通系IC(2416),61,914,0
2022/03/17,57,44308,39,31596,18,交通系IC(9)/JCB(3)/Master(3)/iD(2)/QUICPay(1),12711,交通系IC(7673)/JCB(1259)/Master(2468)/iD(1111)/QUICPay(200),57,777,0
2022/03/18,44,42864,19,15044,25,交通系IC(8)/iD(2)/Master(11)/JCB(3)/QUICPay(1),27820,交通系IC(7340)/iD(2829)/Master(13538)/JCB(3141)/QUICPay(972),44,974,0
2022/03/19,92,104938,49,55951,43,Master(15)/iD(5)/交通系IC(15)/JCB(6)/選択なし(1)/QUICPay(1),48987,Master(20524)/iD(4347)/交通系IC(15491)/JCB(6639)/選択なし(1456)/QUICPay(530),92,1141,0
2022/03/20,91,85228,51,43485,40,Master(15)/交通系IC(16)/iD(5)/QUICPay(2)/JCB(2),41743,Master(18777)/交通系IC(15031)/iD(3743)/QUICPay(1983)/JCB(2209),91,937,0
2022/03/21,0,0,0,0,0,,0,,0,0,1
2022/03/22,36,38748,19,18721,17,Master(5)/交通系IC(5)/JCB(3)/QUICPay(2)/iD(2),20028,Master(5966)/交通系IC(8241)/JCB(3032)/QUICPay(984)/iD(1805),36,1076,0
2022/03/23,58,49689,31,23674,27,交通系IC(10)/JCB(4)/Master(12)/iD(1),26015,交通系IC(7094)/JCB(3375)/Master(15006)/iD(540),58,857,0
2022/03/24,59,50273,32,22434,27,JCB(5)/Master(7)/交通系IC(12)/iD(2)/QUICPay(1),27838,JCB(5410)/Master(12069)/交通系IC(8741)/iD(791)/QUICPay(827),59,852,0
2022/03/25,61,51566,42,36654,19,JCB(2)/選択なし(1)/交通系IC(8)/Master(6)/iD(2),14913,JCB(911)/選択なし(730)/交通系IC(6554)/Master(5697)/iD(1021),61,845,0
2022/03/26,87,84323,49,46311,38,交通系IC(16)/Master(14)/選択なし(3)/iD(2)/JCB(2)/QUICPay(1),38012,交通系IC(16192)/Master(13650)/選択なし(4099)/iD(1120)/JCB(1420)/QUICPay(1531),87,969,0
2022/03/27,101,93386,58,56246,43,Master(18)/QUICPay(1)/交通系IC(16)/iD(5)/WAON(1)/JCB(2),37140,Master(18817)/QUICPay(200)/交通系IC(12030)/iD(4421)/WAON(330)/JCB(1342),101,925,0
2022/03/28,0,0,0,0,0,,0,,0,0,1
2022/03/29,85,73544,53,43106,32,QUICPay(3)/交通系IC(12)/Master(10)/iD(5)/選択なし(1)/JCB(1),30438,QUICPay(671)/交通系IC(11603)/Master(11491)/iD(5115)/選択なし(837)/JCB(721),85,865,0
2022/03/30,65,52525,37,30278,28,QUICPay(1)/Master(10)/交通系IC(12)/JCB(3)/選択なし(1)/WAON(1),22249,QUICPay(1038)/Master(8939)/交通系IC(8838)/JCB(2132)/選択なし(761)/WAON(541),65,808,0
2022/03/31,64,56675,32,31694,32,交通系IC(13)/JCB(7)/Master(11)/iD(1),24981,交通系IC(7622)/JCB(5386)/Master(11052)/iD(921),64,886,0
2022/04/1,49,41790,28,22223,21,Master(9)/JCB(5)/交通系IC(4)/QUICPay(3),19567,Master(8171)/JCB(4757)/交通系IC(4448)/QUICPay(2191),49,853,0
2022/04/2,91,98615,52,48667,39,交通系IC(19)/Master(13)/JCB(4)/WAON(1)/QUICPay(2),49948,交通系IC(18888)/Master(17942)/JCB(8084)/WAON(2464)/QUICPay(2570),91,1084,0
2022/04/3,66,72649,44,47280,22,交通系IC(8)/Master(8)/iD(4)/JCB(2),25369,交通系IC(8525)/Master(7172)/iD(4699)/JCB(4973),66,1101,0
2022/04/4,0,0,0,0,0,,0,,0,0,1
2022/04/5,82,71824,45,36581,37,交通系IC(17)/Master(14)/iD(4)/JCB(2),35243,交通系IC(12531)/Master(14022)/iD(4215)/JCB(4475),82,876,0
2022/04/6,63,51465,28,23919,35,JCB(5)/選択なし(1)/交通系IC(18)/Master(6)/iD(3)/WAON(1)/QUICPay(1),27546,JCB(5031)/選択なし(410)/交通系IC(12928)/Master(5469)/iD(2709)/WAON(626)/QUICPay(373),63,817,0
2022/04/7,72,63597,52,46144,20,交通系IC(11)/Master(6)/JCB(2)/iD(1),17453,交通系IC(7377)/Master(7059)/JCB(2509)/iD(508),72,883,0
2022/04/8,58,52226,35,27917,23,JCB(4)/交通系IC(9)/Master(7)/QUICPay(1)/iD(2),24309,JCB(7353)/交通系IC(4471)/Master(9872)/QUICPay(1319)/iD(1294),58,900,0
2022/04/9,102,107209,56,57850,46,JCB(3)/交通系IC(20)/iD(9)/Master(11)/QUICPay(1)/選択なし(2),49360,JCB(1933)/交通系IC(21115)/iD(7345)/Master(16161)/QUICPay(629)/選択なし(2177),102,1051,0
2022/04/10,92,87265,44,32036,48,iD(6)/交通系IC(14)/Master(21)/WAON(1)/QUICPay(2)/JCB(4),55229,iD(6740)/交通系IC(10500)/Master(28547)/WAON(2003)/QUICPay(1883)/JCB(5556),92,949,0
2022/04/11,0,0,0,0,0,,0,,0,0,1
2022/04/12,0,0,0,0,0,,0,,0,0,1
2022/04/13,67,61643,37,32803,30,QUICPay(2)/JCB(5)/交通系IC(10)/Master(8)/選択なし(1)/iD(4),28839,QUICPay(2109)/JCB(7083)/交通系IC(7146)/Master(8525)/選択なし(361)/iD(3615),67,920,0
2022/04/14,39,27814,26,20233,13,Master(4)/交通系IC(5)/JCB(3)/WAON(1),7582,Master(3461)/交通系IC(1730)/JCB(1865)/WAON(526),39,713,0
2022/04/15,45,37533,24,18266,21,Master(7)/交通系IC(8)/選択なし(1)/iD(1)/WAON(1)/JCB(2)/QUICPay(1),19268,Master(9573)/交通系IC(4784)/選択なし(616)/iD(241)/WAON(832)/JCB(1564)/QUICPay(1658),45,834,0
2022/04/16,92,95100,41,40485,51,Master(19)/選択なし(1)/交通系IC(19)/JCB(4)/iD(5)/QUICPay(3),54615,Master(22664)/選択なし(695)/交通系IC(20840)/JCB(4889)/iD(3911)/QUICPay(1616),92,1034,0
2022/04/17,107,95569,64,54181,43,交通系IC(14)/Master(10)/iD(6)/JCB(7)/選択なし(4)/QUICPay(2),41390,交通系IC(10979)/Master(11699)/iD(5863)/JCB(6301)/選択なし(4856)/QUICPay(1692),107,893,0
2022/04/18,0,0,0,0,0,,0,,0,0,1
2022/04/19,77,60536,49,39175,28,選択なし(1)/交通系IC(18)/QUICPay(2)/JCB(3)/Master(4),21362,選択なし(165)/交通系IC(12831)/QUICPay(630)/JCB(2820)/Master(4916),77,786,0
2022/04/20,65,46571,35,23807,30,交通系IC(15)/Master(6)/iD(3)/WAON(1)/選択なし(2)/JCB(2)/QUICPay(1),22765,交通系IC(10909)/Master(4184)/iD(2290)/WAON(638)/選択なし(3330)/JCB(1204)/QUICPay(210),65,716,0
2022/04/21,48,46266,32,23907,16,Master(7)/交通系IC(7)/iD(2),22359,Master(9995)/交通系IC(8981)/iD(3383),48,964,0
2022/04/22,57,48137,37,28990,20,JCB(4)/選択なし(1)/iD(3)/Master(5)/交通系IC(6)/QUICPay(1),19147,JCB(3868)/選択なし(476)/iD(2720)/Master(6429)/交通系IC(5126)/QUICPay(528),57,845,0
2022/04/23,82,84262,49,45429,33,iD(4)/交通系IC(13)/Master(11)/選択なし(2)/JCB(1)/QUICPay(2),38833,iD(4310)/交通系IC(12748)/Master(13398)/選択なし(5736)/JCB(741)/QUICPay(1900),82,1028,0
2022/04/24,94,91114,50,45939,44,交通系IC(19)/Master(12)/QUICPay(2)/JCB(5)/WAON(2)/選択なし(1)/iD(3),45174,交通系IC(17886)/Master(12757)/QUICPay(1494)/JCB(4103)/WAON(1891)/選択なし(1954)/iD(5089),94,969,0
2022/04/25,0,0,0,0,0,,0,,0,0,1
2022/04/26,42,33492,24,20364,18,交通系IC(13)/Master(3)/iD(2),13128,交通系IC(8899)/Master(3232)/iD(997),42,797,0
2022/04/27,51,45321,28,21483,23,交通系IC(11)/QUICPay(2)/Master(4)/iD(3)/選択なし(1)/JCB(2),23839,交通系IC(8502)/QUICPay(1209)/Master(7075)/iD(3099)/選択なし(966)/JCB(2988),51,889,0
2022/04/28,58,43332,36,27256,22,Master(9)/QUICPay(1)/iD(3)/交通系IC(6)/JCB(3),16075,Master(6215)/QUICPay(512)/iD(3417)/交通系IC(3512)/JCB(2419),58,747,0
2022/04/29,64,64859,31,34781,33,交通系IC(11)/Master(13)/JCB(4)/WAON(2)/iD(2)/QUICPay(1),30078,交通系IC(7445)/Master(13865)/JCB(2994)/WAON(1101)/iD(2975)/QUICPay(1698),64,1013,0
2022/04/30,85,89012,39,39004,46,交通系IC(16)/Master(18)/JCB(4)/iD(5)/選択なし(1)/QUICPay(2),50009,交通系IC(15761)/Master(22812)/JCB(5097)/iD(3659)/選択なし(1069)/QUICPay(1611),85,1047,0
2022/05/1,61,61111,31,28523,31,Master(9)/WAON(2)/交通系IC(16)/iD(2)/選択なし(1)/JCB(1),32588,Master(11505)/WAON(1424)/交通系IC(15837)/iD(1502)/選択なし(1815)/JCB(505),61,1002,0
2022/05/2,0,0,0,0,0,,0,,0,0,1
2022/05/3,96,90795,47,37122,49,Master(19)/交通系IC(20)/iD(6)/選択なし(1)/JCB(3),53674,Master(26829)/交通系IC(16093)/iD(5613)/選択なし(1489)/JCB(3650),96,946,0
2022/05/4,83,79757,46,46322,37,QUICPay(1)/iD(4)/Master(14)/交通系IC(16)/選択なし(1)/JCB(1),33437,QUICPay(540)/iD(2512)/Master(14675)/交通系IC(14213)/選択なし(330)/JCB(1167),83,961,0
2022/05/5,82,80457,53,54764,29,JCB(6)/iD(5)/交通系IC(13)/Master(5),25693,JCB(4428)/iD(5960)/交通系IC(11097)/Master(4208),82,981,0
2022/05/6,42,37380,27,25085,15,交通系IC(7)/JCB(2)/iD(1)/Master(5),12295,交通系IC(6342)/JCB(1034)/iD(631)/Master(4288),42,890,0
2022/05/7,78,82215,46,44698,32,QUICPay(3)/交通系IC(14)/Master(10)/iD(3)/JCB(2),37517,QUICPay(3241)/交通系IC(12957)/Master(14987)/iD(3826)/JCB(2506),78,1054,0
2022/05/8,92,84437,52,46348,40,交通系IC(14)/Master(13)/選択なし(2)/iD(4)/JCB(6)/QUICPay(1),38089,交通系IC(10216)/Master(13890)/選択なし(1920)/iD(3731)/JCB(7932)/QUICPay(400),92,918,0
2022/05/9,0,0,0,0,0,,0,,0,0,1
2022/05/10,0,0,0,0,0,,0,,0,0,1
2022/05/11,75,59976,41,30542,34,交通系IC(14)/Master(9)/iD(7)/QUICPay(1)/JCB(3),29434,交通系IC(9827)/Master(10841)/iD(4050)/QUICPay(1315)/JCB(3401),75,800,0
2022/05/12,56,37742,38,27224,18,Master(4)/交通系IC(11)/JCB(1)/iD(2),10518,Master(2989)/交通系IC(6429)/JCB(310)/iD(790),56,674,0
2022/05/13,27,23845,17,14449,10,選択なし(1)/JCB(2)/交通系IC(4)/Master(2)/iD(1),9396,選択なし(1401)/JCB(1182)/交通系IC(2445)/Master(2286)/iD(2082),27,883,0
2022/05/14,77,84728,44,47288,33,Master(8)/JCB(3)/選択なし(2)/交通系IC(19)/iD(1),37440,Master(11016)/JCB(4453)/選択なし(1703)/交通系IC(19319)/iD(949),77,1100,0
2022/05/15,87,88446,47,39583,40,交通系IC(13)/Master(13)/iD(3)/QUICPay(3)/JCB(8),48862,交通系IC(9671)/Master(22274)/iD(1716)/QUICPay(2641)/JCB(12560),87,1017,0
2022/05/16,0,0,0,0,0,,0,,0,0,1
2022/05/17,66,50145,38,24430,28,Master(12)/交通系IC(8)/iD(4)/JCB(3)/選択なし(1),25715,Master(13145)/交通系IC(4642)/iD(2910)/JCB(3877)/選択なし(1141),66,760,0
2022/05/18,67,50018,44,30005,23,JCB(2)/交通系IC(8)/Master(9)/iD(2)/QUICPay(2),20013,JCB(2230)/交通系IC(5998)/Master(8738)/iD(1673)/QUICPay(1374),67,747,0
2022/05/19,50,40806,39,30786,11,交通系IC(6)/Master(4)/iD(1),10021,交通系IC(4595)/Master(4771)/iD(655),50,816,0
2022/05/20,52,40065,33,24535,19,Master(11)/交通系IC(4)/JCB(3)/iD(1),15531,Master(9935)/交通系IC(2267)/JCB(3054)/iD(275),52,770,0
2022/05/21,77,84049,41,39870,36,iD(6)/交通系IC(6)/QUICPay(3)/Master(10)/JCB(8)/選択なし(3),44179,iD(2391)/交通系IC(6617)/QUICPay(1896)/Master(16162)/JCB(11665)/選択なし(5448),77,1092,0
2022/05/22,72,75058,39,35415,33,Master(14)/交通系IC(12)/JCB(6)/QUICPay(1),39643,Master(18254)/交通系IC(13357)/JCB(7250)/QUICPay(782),72,1042,0
2022/05/23,0,0,0,0,0,,0,,0,0,1
2022/05/24,50,41273,29,22882,21,JCB(1)/交通系IC(7)/iD(4)/Master(6)/選択なし(3),18391,JCB(700)/交通系IC(5132)/iD(3333)/Master(6346)/選択なし(2880),50,825,0
2022/05/25,53,42688,28,22128,25,交通系IC(8)/Master(11)/JCB(2)/QUICPay(2)/iD(2),20560,交通系IC(5070)/Master(9904)/JCB(1316)/QUICPay(796)/iD(3474),53,805,0
2022/05/26,60,42565,40,25738,20,Master(8)/交通系IC(8)/選択なし(1)/iD(2)/JCB(1),16825,Master(8008)/交通系IC(5943)/選択なし(530)/iD(1714)/JCB(630),60,709,0
2022/05/27,29,21160,19,13185,10,Master(3)/交通系IC(7),7974,Master(3125)/交通系IC(4849),29,730,0
2022/05/28,83,77846,53,45076,30,交通系IC(11)/Master(11)/iD(4)/JCB(1)/QUICPay(3),32770,交通系IC(9796)/Master(14822)/iD(4840)/JCB(491)/QUICPay(2821),83,938,0
2022/05/29,75,70967,34,30085,41,JCB(7)/Master(12)/iD(5)/交通系IC(15)/WAON(1)/QUICPay(1),40882,JCB(9589)/Master(10954)/iD(8022)/交通系IC(9978)/WAON(540)/QUICPay(1799),75,946,0
2022/05/30,0,0,0,0,0,,0,,0,0,1
2022/05/31,53,53209,35,38749,18,交通系IC(7)/Master(10)/QUICPay(1),14460,交通系IC(4888)/Master(9362)/QUICPay(210),53,1004,0
2022/06/1,47,39100,25,19166,22,交通系IC(8)/QUICPay(1)/Master(11)/iD(1)/JCB(1),19936,交通系IC(6569)/QUICPay(423)/Master(11994)/iD(469)/JCB(481),47,832,0
2022/06/2,57,40227,33,24759,24,交通系IC(11)/iD(2)/Master(9)/JCB(1)/選択なし(1),15468,交通系IC(5772)/iD(1770)/Master(6348)/JCB(580)/選択なし(998),57,706,0
2022/06/3,58,41560,35,26102,23,Master(8)/交通系IC(10)/iD(3)/JCB(2),15459,Master(5931)/交通系IC(6564)/iD(1761)/JCB(1203),58,717,0
2022/06/4,78,83795,45,44494,33,JCB(5)/交通系IC(7)/WAON(2)/QUICPay(2)/Master(12)/選択なし(1)/iD(4),39301,JCB(5196)/交通系IC(5984)/WAON(3183)/QUICPay(2129)/Master(15358)/選択なし(2180)/iD(5271),78,1074,0
2022/06/5,75,74651,44,39300,31,交通系IC(9)/Master(11)/iD(6)/JCB(4)/選択なし(1),35351,交通系IC(6143)/Master(14635)/iD(6598)/JCB(5740)/選択なし(2235),75,995,0
2022/06/6,0,0,0,0,0,,0,,0,0,1
2022/06/7,66,55751,39,34537,27,選択なし(1)/iD(4)/交通系IC(12)/Master(7)/JCB(3),21214,選択なし(891)/iD(2298)/交通系IC(7027)/Master(7062)/JCB(3936),66,845,0
2022/06/8,63,44401,38,23574,25,Master(10)/交通系IC(9)/JCB(3)/QUICPay(2)/iD(1),20827,Master(9061)/交通系IC(5292)/JCB(3359)/QUICPay(2076)/iD(1039),63,705,0
2022/06/9,63,45127,37,22136,26,JCB(5)/交通系IC(8)/Master(8)/iD(3)/QUICPay(1)/選択なし(1),22992,JCB(5262)/交通系IC(4400)/Master(7125)/iD(3007)/QUICPay(490)/選択なし(2708),63,716,0
2022/06/10,61,52334,30,26211,31,Master(13)/交通系IC(10)/選択なし(1)/iD(2)/JCB(3)/QUICPay(2),26123,Master(12681)/交通系IC(5607)/選択なし(360)/iD(1726)/JCB(5339)/QUICPay(410),61,858,0
2022/06/11,85,91329,45,43544,40,交通系IC(13)/QUICPay(2)/Master(12)/選択なし(2)/iD(6)/JCB(5),47784,交通系IC(9886)/QUICPay(750)/Master(19085)/選択なし(2383)/iD(10164)/JCB(5516),85,1074,0
2022/06/12,90,81715,52,39980,38,交通系IC(17)/Master(12)/JCB(2)/WAON(2)/iD(4)/QUICPay(1),41735,交通系IC(13768)/Master(15679)/JCB(2708)/WAON(1689)/iD(6787)/QUICPay(1104),90,908,0
2022/06/13,0,0,0,0,0,,0,,0,0,1
2022/06/14,0,0,0,0,0,,0,,0,0,1
2022/06/15,55,42433,28,21685,26,交通系IC(13)/iD(4)/Master(6)/JCB(2)/選択なし(1),19362,交通系IC(6952)/iD(3827)/Master(6789)/JCB(1584)/選択なし(210),55,772,0
2022/06/16,50,45451,31,29372,19,Master(7)/交通系IC(7)/JCB(2)/QUICPay(1)/iD(1)/選択なし(1),16078,Master(5074)/交通系IC(5553)/JCB(1258)/QUICPay(360)/iD(1104)/選択なし(2729),50,909,0
2022/06/17,52,47998,37,26665,15,JCB(7)/Master(4)/QUICPay(1)/交通系IC(3),21334,JCB(9317)/Master(5706)/QUICPay(1976)/交通系IC(4335),52,923,0
2022/06/18,84,89516,40,39108,44,交通系IC(11)/WAON(1)/Master(19)/選択なし(1)/JCB(5)/iD(5)/QUICPay(2),50407,交通系IC(12005)/WAON(713)/Master(22589)/選択なし(510)/JCB(5759)/iD(7890)/QUICPay(941),84,1066,0
2022/06/19,64,57936,33,26362,31,交通系IC(11)/JCB(2)/Master(12)/iD(4)/QUICPay(1)/選択なし(1),31576,交通系IC(9733)/JCB(2783)/Master(13274)/iD(4553)/QUICPay(580)/選択なし(653),64,905,0
2022/06/20,0,0,0,0,0,,0,,0,0,1
2022/06/21,45,39978,25,21877,20,Master(9)/交通系IC(6)/iD(3)/選択なし(1)/JCB(1),18102,Master(9842)/交通系IC(3324)/iD(3339)/選択なし(986)/JCB(611),45,888,0
2022/06/22,46,48094,27,29516,19,Master(11)/交通系IC(5)/JCB(3),18579,Master(12556)/交通系IC(2629)/JCB(3394),46,1046,0
2022/06/23,59,51345,32,23335,27,iD(6)/交通系IC(14)/Master(5)/JCB(1)/選択なし(1),28009,iD(5366)/交通系IC(15584)/Master(3328)/JCB(2140)/選択なし(1591),59,870,0
2022/06/24,40,36794,26,25511,14,Master(3)/JCB(3)/交通系IC(5)/iD(2)/QUICPay(1),11283,Master(1804)/JCB(2625)/交通系IC(3842)/iD(2257)/QUICPay(755),40,920,0
2022/06/25,49,57252,23,21752,26,Master(9)/iD(4)/交通系IC(9)/選択なし(1)/QUICPay(1)/JCB(2),35499,Master(16764)/iD(5129)/交通系IC(8338)/選択なし(1995)/QUICPay(1229)/JCB(2044),49,1168,0
2022/06/26,56,51809,30,27025,26,交通系IC(10)/JCB(2)/Master(6)/選択なし(1)/iD(6)/QUICPay(1),24784,交通系IC(8342)/JCB(2130)/Master(7580)/選択なし(386)/iD(5636)/QUICPay(710),56,925,0
2022/06/27,0,0,0,0,0,,0,,0,0,1
2022/06/28,43,35713,20,14324,23,交通系IC(7)/Master(6)/JCB(5)/iD(4)/選択なし(1),21388,交通系IC(5475)/Master(7249)/JCB(2678)/iD(3219)/選択なし(2767),43,831,0
2022/06/29,45,41552,21,19188,24,JCB(4)/交通系IC(10)/Master(6)/QUICPay(1)/選択なし(2)/iD(1),22363,JCB(7256)/交通系IC(5826)/Master(5653)/QUICPay(779)/選択なし(2126)/iD(723),45,923,0
2022/06/30,31,25669,20,15735,11,Master(4)/JCB(2)/交通系IC(5),9933,Master(4187)/JCB(2335)/交通系IC(3411),31,828,0
2022/07/1,27,22994,22,18536,5,交通系IC(2)/Master(2)/JCB(1),4459,交通系IC(1235)/Master(2493)/JCB(731),27,852,0
2022/07/2,74,74694,41,43330,33,JCB(3)/iD(5)/Master(12)/交通系IC(12)/QUICPay(1),31364,JCB(3098)/iD(4438)/Master(14855)/交通系IC(7588)/QUICPay(1385),74,1009,0
2022/07/3,49,44636,30,25522,19,交通系IC(9)/JCB(3)/Master(5)/iD(2),19114,交通系IC(7475)/JCB(4609)/Master(4837)/iD(2193),49,911,0
2022/07/4,0,0,0,0,0,,0,,0,0,1
2022/07/5,56,48343,33,30892,23,交通系IC(11)/Master(5)/JCB(1)/iD(5)/QUICPay(1),17450,交通系IC(7319)/Master(4850)/JCB(869)/iD(4117)/QUICPay(295),56,863,0
2022/07/6,58,42705,29,19830,29,交通系IC(19)/WAON(1)/JCB(4)/iD(1)/Master(2)/選択なし(1)/QUICPay(1),22877,交通系IC(13006)/WAON(330)/JCB(3513)/iD(1514)/Master(1379)/選択なし(2750)/QUICPay(385),58,736,0
2022/07/7,45,36734,30,23720,15,交通系IC(4)/Master(5)/JCB(3)/iD(2)/QUICPay(1),13015,交通系IC(2600)/Master(6243)/JCB(2822)/iD(975)/QUICPay(375),45,816,0
2022/07/8,47,38267,27,17879,20,交通系IC(6)/Master(9)/iD(3)/JCB(2),20387,交通系IC(6721)/Master(8806)/iD(2948)/JCB(1912),47,814,0
2022/07/9,77,82394,38,32932,39,iD(6)/交通系IC(16)/Master(12)/JCB(4)/選択なし(1),49462,iD(6512)/交通系IC(17324)/Master(19545)/JCB(5251)/選択なし(830),77,1070,0
2022/07/10,104,90446,48,39056,56,JCB(2)/選択なし(1)/Master(19)/交通系IC(29)/iD(2)/WAON(1)/QUICPay(2),51391,JCB(1907)/選択なし(1051)/Master(19785)/交通系IC(24764)/iD(970)/WAON(525)/QUICPay(2389),104,870,0
2022/07/11,0,0,0,0,0,,0,,0,0,1
2022/07/12,0,0,0,0,0,,0,,0,0,1
2022/07/13,40,34526,24,18492,16,Master(5)/交通系IC(10)/WAON(1),16034,Master(5104)/交通系IC(9851)/WAON(1079),40,863,0
2022/07/14,34,33580,17,16170,17,選択なし(2)/Master(4)/iD(4)/交通系IC(7),17409,選択なし(3308)/Master(3826)/iD(3149)/交通系IC(7126),34,988,0
2022/07/15,35,33000,22,20994,13,iD(2)/Master(6)/JCB(1)/交通系IC(4),12006,iD(2866)/Master(4997)/JCB(970)/交通系IC(3173),35,943,0
2022/07/16,78,82281,32,27704,46,JCB(8)/Master(15)/交通系IC(10)/iD(9)/選択なし(1)/WAON(2)/QUICPay(1),54577,JCB(7824)/Master(21135)/交通系IC(10994)/iD(6858)/選択なし(1820)/WAON(3788)/QUICPay(2158),78,1055,0
2022/07/17,66,62221,38,34365,28,交通系IC(14)/iD(3)/Master(10)/JCB(1),27856,交通系IC(9839)/iD(4601)/Master(11645)/JCB(1771),66,943,0
2022/07/18,0,0,0,0,0,,0,,0,0,1
2022/07/19,50,46699,28,22758,22,交通系IC(6)/JCB(5)/Master(7)/WAON(1)/iD(3),23940,交通系IC(4389)/JCB(6999)/Master(8083)/WAON(583)/iD(3886),50,934,0
2022/07/20,40,30931,20,15962,20,交通系IC(8)/Master(6)/JCB(3)/iD(1)/WAON(1)/選択なし(1),14969,交通系IC(3196)/Master(4797)/JCB(3117)/iD(1373)/WAON(2006)/選択なし(480),40,773,0
2022/07/21,44,39110,23,21989,21,iD(3)/交通系IC(9)/JCB(2)/Master(7),17120,iD(1672)/交通系IC(7626)/JCB(1903)/Master(5919),44,889,0
2022/07/22,46,40828,23,19398,23,交通系IC(9)/JCB(3)/Master(7)/WAON(1)/選択なし(1)/iD(2),21430,交通系IC(7274)/JCB(4053)/Master(5858)/WAON(1430)/選択なし(645)/iD(2170),46,888,0
2022/07/23,57,56933,30,24491,27,JCB(5)/Master(4)/iD(7)/交通系IC(9)/選択なし(2),32441,JCB(7174)/Master(6380)/iD(8329)/交通系IC(6669)/選択なし(3889),57,999,0
2022/07/24,74,71503,40,29894,34,交通系IC(12)/Master(9)/iD(6)/JCB(4)/QUICPay(2)/選択なし(1),41609,交通系IC(11729)/Master(12021)/iD(7608)/JCB(5142)/QUICPay(3130)/選択なし(1979),74,966,0
2022/07/25,0,0,0,0,0,,0,,0,0,1
2022/07/26,34,25001,24,17936,10,交通系IC(4)/JCB(2)/Master(1)/iD(3),7066,交通系IC(1773)/JCB(1811)/Master(762)/iD(2720),34,735,0
2022/07/27,47,39768,29,25780,18,交通系IC(9)/JCB(3)/Master(2)/iD(3)/選択なし(1),13989,交通系IC(4024)/JCB(2415)/Master(1510)/iD(2494)/選択なし(3546),47,846,0
2022/07/28,47,42708,26,26288,21,QUICPay(1)/交通系IC(8)/JCB(1)/iD(5)/Master(5)/選択なし(1),16420,QUICPay(332)/交通系IC(6460)/JCB(1103)/iD(3593)/Master(4391)/選択なし(541),47,909,0
2022/07/29,41,38161,22,20149,19,交通系IC(5)/iD(4)/WAON(1)/Master(6)/JCB(3),18012,交通系IC(2930)/iD(3261)/WAON(839)/Master(8085)/JCB(2897),41,931,0
2022/07/30,69,76669,34,36402,35,交通系IC(13)/Master(11)/選択なし(2)/JCB(4)/iD(5),40266,交通系IC(13508)/Master(17123)/選択なし(1546)/JCB(3202)/iD(4887),69,1111,0
2022/07/31,40,39652,29,27273,11,交通系IC(5)/JCB(1)/Master(2)/iD(3),12379,交通系IC(3720)/JCB(364)/Master(4330)/iD(3965),40,991,0
2022/08/1,0,0,0,0,0,,0,,0,0,1
2022/08/2,33,30598,22,19597,11,Master(5)/iD(3)/交通系IC(3),11001,Master(5217)/iD(2409)/交通系IC(3375),33,927,0
2022/08/3,43,33950,28,21495,15,交通系IC(9)/Master(4)/iD(2),12456,交通系IC(8152)/Master(3038)/iD(1266),43,790,0
2022/08/4,33,27454,22,18482,11,交通系IC(7)/Master(1)/JCB(2)/iD(1),8971,交通系IC(5926)/Master(798)/JCB(1428)/iD(819),33,832,0
2022/08/5,40,36296,29,26677,11,交通系IC(5)/Master(2)/iD(3)/JCB(1),9620,交通系IC(4077)/Master(2337)/iD(2661)/JCB(545),40,907,0
2022/08/6,83,84832,38,36120,45,iD(7)/交通系IC(16)/Master(12)/WAON(1)/JCB(6)/選択なし(1)/QUICPay(2),48712,iD(7077)/交通系IC(12529)/Master(15781)/WAON(330)/JCB(10659)/選択なし(751)/QUICPay(1585),83,1022,0
2022/08/7,69,68648,37,33659,32,Master(11)/交通系IC(11)/JCB(3)/選択なし(2)/QUICPay(1)/iD(3)/WAON(1),34989,Master(9831)/交通系IC(12443)/JCB(3496)/選択なし(3216)/QUICPay(660)/iD(4627)/WAON(716),69,995,0
2022/08/8,0,0,0,0,0,,0,,0,0,1
2022/08/9,0,0,0,0,0,,0,,0,0,1
2022/08/10,0,0,0,0,0,,0,,0,0,1
2022/08/11,0,0,0,0,0,,0,,0,0,1
2022/08/12,0,0,0,0,0,,0,,0,0,1
2022/08/13,38,42991,25,28871,13,Master(5)/交通系IC(4)/選択なし(1)/JCB(1)/iD(1)/QUICPay(1),14121,Master(6874)/交通系IC(3144)/選択なし(1774)/JCB(560)/iD(826)/QUICPay(943),38,1131,0
2022/08/14,60,71940,33,32782,27,交通系IC(11)/Master(9)/JCB(3)/iD(4),39158,交通系IC(17117)/Master(13983)/JCB(2722)/iD(5336),60,1199,0
2022/08/15,0,0,0,0,0,,0,,0,0,1
2022/08/16,51,45798,23,21034,28,交通系IC(14)/JCB(2)/Master(10)/iD(2),24763,交通系IC(10573)/JCB(1505)/Master(10987)/iD(1698),51,898,0
2022/08/17,54,46687,29,26607,25,交通系IC(8)/WAON(2)/JCB(4)/Master(5)/iD(5)/選択なし(1),20080,交通系IC(5203)/WAON(1241)/JCB(2606)/Master(5436)/iD(5304)/選択なし(290),54,865,0
2022/08/18,40,35514,22,22477,18,QUICPay(1)/iD(3)/交通系IC(7)/Master(4)/JCB(3),13037,QUICPay(332)/iD(2292)/交通系IC(5089)/Master(3424)/JCB(1900),40,888,0
2022/08/19,50,43003,36,29027,14,交通系IC(7)/JCB(3)/Master(4),13976,交通系IC(4031)/JCB(1511)/Master(8434),50,860,0
2022/08/20,61,63756,33,33893,28,Master(9)/交通系IC(13)/JCB(3)/iD(3),29863,Master(12801)/交通系IC(11985)/JCB(2411)/iD(2666),61,1045,0
2022/08/21,62,61481,32,24942,30,JCB(4)/WAON(1)/Master(11)/iD(4)/交通系IC(10),36540,JCB(4072)/WAON(580)/Master(17060)/iD(3764)/交通系IC(11064),62,992,0
2022/08/22,0,0,0,0,0,,0,,0,0,1
2022/08/23,51,43049,26,21552,25,交通系IC(10)/Master(10)/iD(3)/JCB(2),21497,交通系IC(6791)/Master(10967)/iD(2439)/JCB(1300),51,844,0
2022/08/24,48,40744,32,24070,16,Master(5)/交通系IC(9)/JCB(1)/QUICPay(1),16675,Master(5869)/交通系IC(8754)/JCB(1113)/QUICPay(939),48,849,0
2022/08/25,47,41068,31,25298,16,JCB(5)/Master(7)/交通系IC(3)/QUICPay(1),15771,JCB(5165)/Master(7754)/交通系IC(1861)/QUICPay(991),47,874,0
2022/08/26,43,40970,25,23781,18,Master(7)/交通系IC(7)/選択なし(2)/JCB(2),17190,Master(7810)/交通系IC(3836)/選択なし(3078)/JCB(2466),43,953,0
2022/08/27,70,77032,41,39368,29,交通系IC(10)/QUICPay(1)/JCB(6)/Master(9)/iD(3),37664,交通系IC(13971)/QUICPay(1110)/JCB(6634)/Master(12762)/iD(3187),70,1100,0
2022/08/28,55,54777,37,35208,18,WAON(1)/交通系IC(8)/QUICPay(1)/Master(5)/iD(2)/JCB(1),19569,WAON(345)/交通系IC(6742)/QUICPay(1067)/Master(9380)/iD(1490)/JCB(545),55,996,0
2022/08/29,0,0,0,0,0,,0,,0,0,1
2022/08/30,68,65600,33,34105,35,Master(12)/交通系IC(14)/WAON(2)/JCB(2)/iD(3)/選択なし(2),31494,Master(11660)/交通系IC(11164)/WAON(1556)/JCB(2677)/iD(2506)/選択なし(1931),68,965,0
2022/08/31,48,36086,26,18523,22,Master(6)/iD(2)/JCB(4)/交通系IC(10),17562,Master(5307)/iD(1444)/JCB(2293)/交通系IC(8518),48,752,0
2022/09/1,45,50724,27,33198,18,iD(3)/交通系IC(8)/JCB(2)/WAON(1)/Master(4),17528,iD(2690)/交通系IC(5069)/JCB(4432)/WAON(1141)/Master(4196),45,1127,0
2022/09/2,25,26367,20,22258,5,Master(3)/交通系IC(1)/JCB(1),4109,Master(2979)/交通系IC(755)/JCB(375),25,1055,0
2022/09/3,82,79949,37,33254,45,交通系IC(17)/iD(7)/Master(11)/JCB(7)/選択なし(1)/QUICPay(2),46696,交通系IC(16035)/iD(7597)/Master(13017)/JCB(7520)/選択なし(1652)/QUICPay(875),82,975,0
2022/09/4,82,80674,43,36642,39,Master(13)/交通系IC(16)/WAON(2)/iD(3)/QUICPay(2)/JCB(3),44031,Master(18322)/交通系IC(13182)/WAON(1291)/iD(4873)/QUICPay(1269)/JCB(5094),82,984,0
2022/09/5,0,0,0,0,0,,0,,0,0,1
2022/09/6,55,52668,31,26450,24,QUICPay(1)/交通系IC(9)/JCB(2)/iD(5)/Master(5)/WAON(1)/選択なし(1),26220,QUICPay(454)/交通系IC(5375)/JCB(3134)/iD(4375)/Master(7733)/WAON(2249)/選択なし(2900),55,958,0
2022/09/7,41,38846,22,16462,19,交通系IC(4)/Master(11)/JCB(3)/iD(1),22385,交通系IC(5214)/Master(13051)/JCB(2460)/iD(1660),41,947,0
2022/09/8,47,42611,20,21551,27,Master(9)/交通系IC(10)/iD(4)/WAON(1)/QUICPay(1)/選択なし(1)/JCB(1),21059,Master(7414)/交通系IC(7079)/iD(2652)/WAON(904)/QUICPay(1429)/選択なし(1331)/JCB(250),47,907,0
2022/09/9,37,30162,19,18035,18,交通系IC(10)/選択なし(2)/JCB(3)/iD(1)/Master(2),12127,交通系IC(6791)/選択なし(1749)/JCB(942)/iD(1050)/Master(1595),37,815,0
2022/09/10,69,74981,37,38025,32,Master(12)/JCB(4)/交通系IC(11)/iD(5),36956,Master(13604)/JCB(3513)/交通系IC(12860)/iD(6979),69,1087,0
2022/09/11,79,79768,42,38356,37,選択なし(2)/交通系IC(10)/Master(12)/WAON(2)/JCB(3)/iD(4)/QUICPay(4),41411,選択なし(1611)/交通系IC(7800)/Master(20819)/WAON(840)/JCB(1196)/iD(3614)/QUICPay(5531),79,1010,0
2022/09/12,0,0,0,0,0,,0,,0,0,1
2022/09/13,0,0,0,0,0,,0,,0,0,1
2022/09/14,33,33179,18,19803,15,交通系IC(7)/iD(4)/Master(2)/JCB(1)/選択なし(1),13376,交通系IC(4733)/iD(2994)/Master(3018)/JCB(281)/選択なし(2350),33,1005,0
2022/09/15,58,47727,30,24090,28,交通系IC(14)/Master(11)/iD(2)/JCB(1),23637,交通系IC(10198)/Master(11611)/iD(1237)/JCB(591),58,823,0
2022/09/16,52,45731,31,26031,21,QUICPay(2)/JCB(3)/Master(6)/交通系IC(9)/選択なし(1),19700,QUICPay(2524)/JCB(2086)/Master(6773)/交通系IC(7375)/選択なし(942),52,879,0
2022/09/17,66,70960,30,29850,36,Master(16)/交通系IC(8)/QUICPay(3)/JCB(3)/iD(6),41110,Master(21764)/交通系IC(4783)/QUICPay(4908)/JCB(2583)/iD(7072),66,1075,0
2022/09/18,47,52034,24,22229,23,交通系IC(10)/JCB(6)/Master(5)/QUICPay(1)/iD(1),29806,交通系IC(11820)/JCB(7630)/Master(7921)/QUICPay(1309)/iD(1126),47,1107,0
2022/09/19,0,0,0,0,0,,0,,0,0,1
2022/09/20,37,30957,22,18966,15,交通系IC(6)/Master(4)/JCB(1)/QUICPay(1)/iD(3),11991,交通系IC(3798)/Master(3337)/JCB(470)/QUICPay(1843)/iD(2543),37,837,0
2022/09/21,48,44536,27,26263,21,Master(7)/JCB(4)/交通系IC(8)/選択なし(1)/iD(1),18273,Master(7669)/JCB(2765)/交通系IC(6495)/選択なし(805)/iD(539),48,928,0
2022/09/22,46,37852,28,22786,18,JCB(2)/交通系IC(8)/iD(2)/Master(4)/選択なし(1)/WAON(1),15067,JCB(1790)/交通系IC(5874)/iD(1414)/Master(3269)/選択なし(2167)/WAON(553),46,823,0
2022/09/23,65,67006,30,27188,35,Master(9)/iD(3)/交通系IC(17)/JCB(4)/WAON(1)/QUICPay(1),39818,Master(12234)/iD(3904)/交通系IC(19348)/JCB(1775)/WAON(2392)/QUICPay(165),65,1031,0
2022/09/24,61,63265,30,26223,31,交通系IC(15)/Master(10)/iD(3)/QUICPay(1)/選択なし(2),37042,交通系IC(15456)/Master(14750)/iD(3682)/QUICPay(390)/選択なし(2764),61,1037,0
2022/09/25,66,69503,44,45934,22,Master(7)/iD(2)/交通系IC(10)/選択なし(1)/JCB(1)/QUICPay(1),23568,Master(8266)/iD(592)/交通系IC(12520)/選択なし(735)/JCB(561)/QUICPay(894),66,1053,0
2022/09/26,0,0,0,0,0,,0,,0,0,1
2022/09/27,40,37349,25,23186,15,交通系IC(6)/Master(6)/iD(2)/QUICPay(1),14163,交通系IC(2490)/Master(8573)/iD(1677)/QUICPay(1423),40,934,0
2022/09/28,53,39814,25,18616,28,交通系IC(13)/Master(4)/選択なし(2)/JCB(3)/iD(2)/WAON(1)/QUICPay(3),21197,交通系IC(10020)/Master(4044)/選択なし(1139)/JCB(1501)/iD(1224)/WAON(610)/QUICPay(2659),53,751,0
2022/09/29,62,46887,32,21550,30,Master(10)/交通系IC(13)/選択なし(1)/iD(5)/JCB(1),25336,Master(8995)/交通系IC(9809)/選択なし(1463)/iD(4561)/JCB(508),62,756,0
2022/09/30,35,33479,19,17076,16,Master(4)/交通系IC(8)/JCB(3)/iD(1),16403,Master(3594)/交通系IC(6783)/JCB(4922)/iD(1104),35,957,0
2022/10/1,64,70142,34,29990,30,Master(12)/交通系IC(10)/QUICPay(2)/JCB(3)/選択なし(1)/iD(2),40152,Master(22082)/交通系IC(9188)/QUICPay(679)/JCB(4585)/選択なし(1502)/iD(2116),64,1096,0
2022/10/2,81,81333,37,33454,44,交通系IC(16)/iD(6)/Master(13)/選択なし(1)/WAON(1)/JCB(5)/QUICPay(2),47880,交通系IC(13680)/iD(6394)/Master(17557)/選択なし(1279)/WAON(2341)/JCB(4272)/QUICPay(2357),81,1004,0
2022/10/3,0,0,0,0,0,,0,,0,0,1
2022/10/4,62,58887,36,30319,26,Master(12)/交通系IC(5)/選択なし(1)/JCB(4)/iD(4),28567,Master(15184)/交通系IC(4975)/選択なし(820)/JCB(3422)/iD(4166),62,950,0
2022/10/5,34,30700,16,11256,18,交通系IC(9)/JCB(5)/Master(4),19445,交通系IC(11494)/JCB(3615)/Master(4336),34,903,0
2022/10/6,44,36845,23,15927,21,Master(8)/iD(1)/JCB(6)/交通系IC(6),20917,Master(10283)/iD(680)/JCB(4558)/交通系IC(5396),44,837,0
2022/10/7,34,30157,19,14472,15,Master(8)/iD(2)/JCB(2)/QUICPay(1)/交通系IC(2),15685,Master(10869)/iD(1080)/JCB(2321)/QUICPay(904)/交通系IC(511),34,887,0
2022/10/8,84,90023,40,36221,44,Master(19)/JCB(7)/交通系IC(13)/選択なし(2)/iD(2)/QUICPay(1),53803,Master(25937)/JCB(6208)/交通系IC(13139)/選択なし(2698)/iD(4196)/QUICPay(1625),84,1072,0
2022/10/9,57,66920,35,38598,22,Master(4)/交通系IC(6)/iD(3)/選択なし(1)/JCB(6)/QUICPay(2),28322,Master(6541)/交通系IC(6238)/iD(4079)/選択なし(1481)/JCB(7252)/QUICPay(2731),57,1174,0
2022/10/10,0,0,0,0,0,,0,,0,0,1
2022/10/11,0,0,0,0,0,,0,,0,0,1
2022/10/12,52,52815,25,24582,27,交通系IC(12)/JCB(6)/Master(6)/iD(3),28234,交通系IC(12889)/JCB(7379)/Master(5411)/iD(2555),52,1016,0
2022/10/13,40,32463,25,21328,15,iD(2)/交通系IC(7)/JCB(3)/Master(3),11135,iD(952)/交通系IC(5170)/JCB(1786)/Master(3227),40,812,0
2022/10/14,32,32170,20,16306,12,JCB(3)/Master(6)/交通系IC(2)/iD(1),15864,JCB(2843)/Master(9265)/交通系IC(3165)/iD(591),32,1005,0
2022/10/15,84,85693,37,33013,47,iD(4)/Master(21)/JCB(6)/交通系IC(15)/QUICPay(1),52681,iD(4275)/Master(29430)/JCB(5428)/交通系IC(12821)/QUICPay(727),84,1020,0
2022/10/16,76,71125,51,47259,25,Master(7)/iD(3)/交通系IC(11)/QUICPay(2)/JCB(2),23865,Master(7964)/iD(2039)/交通系IC(8606)/QUICPay(2605)/JCB(2651),76,936,0
2022/10/17,0,0,0,0,0,,0,,0,0,1
2022/10/18,58,54841,30,20615,28,WAON(1)/交通系IC(16)/Master(3)/選択なし(2)/JCB(3)/QUICPay(2)/iD(1),34226,WAON(495)/交通系IC(21272)/Master(5070)/選択なし(1795)/JCB(2928)/QUICPay(1740)/iD(926),58,946,0
2022/10/19,53,42556,37,29316,16,WAON(1)/交通系IC(5)/Master(7)/JCB(2)/iD(1),13241,WAON(330)/交通系IC(2902)/Master(7464)/JCB(2147)/iD(398),53,803,0
2022/10/20,45,38533,32,21630,13,JCB(2)/交通系IC(5)/選択なし(1)/Master(5),16903,JCB(1625)/交通系IC(4146)/選択なし(680)/Master(10452),45,856,0
2022/10/21,44,33932,19,12509,25,Master(3)/交通系IC(12)/JCB(6)/iD(3)/選択なし(1),21423,Master(2669)/交通系IC(10811)/JCB(4271)/iD(2528)/選択なし(1144),44,771,0
2022/10/22,90,100670,42,37677,49,交通系IC(14)/iD(6)/Master(20)/JCB(5)/QUICPay(1)/WAON(2)/選択なし(1),62993,交通系IC(15999)/iD(7718)/Master(26313)/JCB(7232)/QUICPay(916)/WAON(3989)/選択なし(826),90,1119,0
2022/10/23,78,79531,37,39023,41,交通系IC(17)/Master(14)/iD(3)/JCB(2)/QUICPay(3)/選択なし(1)/WAON(1),40508,交通系IC(14995)/Master(16436)/iD(3467)/JCB(1129)/QUICPay(2455)/選択なし(1396)/WAON(630),78,1020,0
2022/10/24,0,0,0,0,0,,0,,0,0,1
2022/10/25,50,41182,27,20705,23,交通系IC(9)/iD(6)/WAON(2)/Master(5)/JCB(1),20476,交通系IC(8855)/iD(4727)/WAON(1999)/Master(4465)/JCB(430),50,824,0
2022/10/26,49,42064,27,21179,22,交通系IC(7)/Master(8)/選択なし(2)/iD(3)/JCB(2),20886,交通系IC(5177)/Master(8074)/選択なし(3468)/iD(1404)/JCB(2763),49,858,0
2022/10/27,51,52597,28,27129,23,Master(8)/選択なし(1)/交通系IC(6)/JCB(5)/iD(3),25468,Master(7531)/選択なし(1075)/交通系IC(4520)/JCB(9678)/iD(2664),51,1031,0
2022/10/28,43,30443,25,17424,18,交通系IC(10)/Master(2)/iD(4)/JCB(1)/QUICPay(1),13019,交通系IC(7381)/Master(1784)/iD(1705)/JCB(1431)/QUICPay(718),43,708,0
2022/10/29,93,95694,44,41305,49,WAON(2)/交通系IC(22)/JCB(7)/QUICPay(2)/Master(12)/選択なし(2)/iD(2),54389,WAON(1181)/交通系IC(18339)/JCB(8653)/QUICPay(2473)/Master(17060)/選択なし(4300)/iD(2383),93,1029,0
2022/10/30,68,65570,40,35096,28,交通系IC(10)/JCB(4)/Master(5)/iD(8)/QUICPay(1),30475,交通系IC(9763)/JCB(5369)/Master(7041)/iD(7306)/QUICPay(996),68,964,0
2022/10/31,0,0,0,0,0,,0,,0,0,1
2022/11/1,64,55375,36,28937,28,交通系IC(12)/Master(8)/QUICPay(1)/iD(2)/JCB(4)/WAON(1),26438,交通系IC(9153)/Master(8147)/QUICPay(710)/iD(3117)/JCB(4905)/WAON(406),64,865,0
2022/11/2,53,57858,30,30925,23,交通系IC(8)/Master(8)/iD(2)/JCB(5),26933,交通系IC(7409)/Master(11565)/iD(2274)/JCB(5685),53,1092,0
2022/11/3,83,87837,49,52274,34,交通系IC(17)/Master(10)/JCB(1)/QUICPay(2)/iD(4),35562,交通系IC(15662)/Master(11120)/JCB(1090)/QUICPay(2719)/iD(4971),83,1058,0
2022/11/4,49,48262,24,18241,25,JCB(4)/Master(8)/交通系IC(11)/iD(1)/選択なし(1),30021,JCB(3656)/Master(10115)/交通系IC(14366)/iD(773)/選択なし(1111),49,985,0
2022/11/5,85,84224,53,51673,32,Master(13)/JCB(3)/交通系IC(9)/iD(4)/QUICPay(1)/WAON(1)/選択なし(1),32551,Master(16182)/JCB(2478)/交通系IC(6409)/iD(4899)/QUICPay(814)/WAON(290)/選択なし(1479),85,991,0
2022/11/6,92,83747,54,47046,38,JCB(5)/iD(2)/Master(15)/交通系IC(14)/QUICPay(2),36701,JCB(3283)/iD(2931)/Master(19156)/交通系IC(10121)/QUICPay(1210),92,910,0
2022/11/7,0,0,0,0,0,,0,,0,0,1
2022/11/8,47,44031,27,25538,20,交通系IC(9)/Master(8)/JCB(1)/iD(2),18493,交通系IC(6333)/Master(6161)/JCB(1945)/iD(4054),47,937,0
2022/11/9,42,32413,25,19184,17,Master(4)/交通系IC(6)/WAON(2)/iD(3)/JCB(2),13229,Master(2883)/交通系IC(4492)/WAON(1325)/iD(3430)/JCB(1099),42,772,0
2022/11/10,45,45955,27,26503,18,Master(6)/交通系IC(5)/選択なし(1)/iD(2)/JCB(2)/QUICPay(2),19452,Master(7173)/交通系IC(5903)/選択なし(510)/iD(1233)/JCB(3103)/QUICPay(1530),45,1021,0
2022/11/11,42,33131,26,18558,16,交通系IC(7)/JCB(2)/QUICPay(1)/Master(4)/選択なし(1)/iD(1),14571,交通系IC(5249)/JCB(2440)/QUICPay(1169)/Master(4484)/選択なし(609)/iD(620),42,789,0
2022/11/12,96,108539,52,55532,44,交通系IC(16)/iD(6)/WAON(1)/Master(15)/JCB(6),53008,交通系IC(18083)/iD(8332)/WAON(551)/Master(18972)/JCB(7070),96,1131,0
2022/11/13,73,78915,35,34782,38,iD(6)/WAON(1)/Master(15)/JCB(5)/交通系IC(10)/QUICPay(1),44133,iD(6213)/WAON(749)/Master(19926)/JCB(6056)/交通系IC(10349)/QUICPay(840),73,1081,0
2022/11/14,0,0,0,0,0,,0,,0,0,1
2022/11/15,0,0,0,0,0,,0,,0,0,1
2022/11/16,47,45355,26,21384,21,JCB(4)/QUICPay(1)/交通系IC(11)/Master(4)/iD(1),23972,JCB(3819)/QUICPay(683)/交通系IC(12498)/Master(5782)/iD(1190),47,965,0
2022/11/17,48,39481,25,18785,23,交通系IC(11)/JCB(4)/Master(7)/iD(1),20696,交通系IC(9970)/JCB(4994)/Master(5182)/iD(550),48,823,0
2022/11/18,55,50064,26,22488,29,Master(9)/交通系IC(15)/QUICPay(1)/iD(2)/JCB(2),27577,Master(9421)/交通系IC(12220)/QUICPay(1290)/iD(3233)/JCB(1413),55,910,0
2022/11/19,84,89558,47,47742,37,Master(12)/JCB(4)/交通系IC(11)/QUICPay(1)/WAON(2)/iD(7),41817,Master(15230)/JCB(4606)/交通系IC(10068)/QUICPay(850)/WAON(2469)/iD(8594),84,1066,0
2022/11/20,65,73902,36,35663,29,交通系IC(15)/Master(9)/iD(3)/JCB(1)/QUICPay(1),38239,交通系IC(16668)/Master(15345)/iD(5416)/JCB(220)/QUICPay(590),65,1137,0
2022/11/21,0,0,0,0,0,,0,,0,0,1
2022/11/22,53,45793,28,20198,25,Master(13)/交通系IC(7)/iD(4)/JCB(1),25595,Master(13940)/交通系IC(6723)/iD(3851)/JCB(1081),53,864,0
2022/11/23,35,39579,20,18482,15,JCB(3)/QUICPay(1)/Master(5)/交通系IC(5)/iD(1),21098,JCB(3164)/QUICPay(491)/Master(7725)/交通系IC(6782)/iD(2936),35,1131,0
2022/11/24,33,33066,15,11546,18,Master(7)/iD(3)/交通系IC(6)/JCB(2),21521,Master(8702)/iD(4082)/交通系IC(6999)/JCB(1738),33,1002,0
2022/11/25,37,28871,19,15271,18,JCB(4)/交通系IC(10)/Master(4),13601,JCB(3007)/交通系IC(8471)/Master(2123),37,780,0
2022/11/26,88,113041,36,40481,52,iD(7)/交通系IC(21)/JCB(4)/Master(20),72560,iD(6628)/交通系IC(24978)/JCB(3325)/Master(37629),88,1285,0
2022/11/27,93,109882,53,52809,40,JCB(8)/Master(15)/交通系IC(12)/選択なし(2)/iD(3),57074,JCB(12818)/Master(23053)/交通系IC(11903)/選択なし(4581)/iD(4719),93,1182,0
2022/11/28,0,0,0,0,0,,0,,0,0,1
2022/11/29,50,47925,30,25178,20,交通系IC(5)/Master(9)/選択なし(1)/JCB(4)/QUICPay(1),22747,交通系IC(3725)/Master(12931)/選択なし(369)/JCB(3682)/QUICPay(2040),50,959,0
2022/11/30,41,35841,20,19866,21,Master(9)/交通系IC(7)/QUICPay(1)/WAON(1)/JCB(2)/iD(1),15976,Master(7791)/交通系IC(4293)/QUICPay(523)/WAON(1439)/JCB(1040)/iD(890),41,874,0
2022/12/1,43,46446,24,22252,19,交通系IC(5)/JCB(3)/Master(9)/選択なし(1)/iD(1),24194,交通系IC(5076)/JCB(3188)/Master(14021)/選択なし(680)/iD(1229),43,1080,0
2022/12/2,60,54754,36,27058,24,Master(11)/交通系IC(8)/選択なし(1)/JCB(3)/iD(1),27697,Master(16013)/交通系IC(7067)/選択なし(380)/JCB(2947)/iD(1290),60,913,0
2022/12/3,89,103375,45,41340,44,Master(20)/iD(8)/QUICPay(2)/交通系IC(9)/JCB(5),62035,Master(25241)/iD(14153)/QUICPay(2020)/交通系IC(10722)/JCB(9899),89,1162,0
2022/12/4,78,105416,38,38349,40,QUICPay(3)/Master(13)/iD(5)/JCB(6)/交通系IC(13),67067,QUICPay(3440)/Master(25447)/iD(11267)/JCB(12815)/交通系IC(14098),78,1351,0
2022/12/5,0,0,0,0,0,,0,,0,0,1
2022/12/6,43,42750,29,27424,14,Master(7)/選択なし(1)/WAON(2)/交通系IC(1)/JCB(3),15326,Master(9487)/選択なし(690)/WAON(1628)/交通系IC(463)/JCB(3058),43,994,0
2022/12/7,52,50783,33,32093,19,Master(8)/iD(2)/JCB(5)/QUICPay(1)/交通系IC(3),18689,Master(10215)/iD(2133)/JCB(3167)/QUICPay(1282)/交通系IC(1892),52,977,0
2022/12/8,55,60051,27,29876,28,QUICPay(2)/交通系IC(10)/Master(11)/選択なし(2)/JCB(3),30175,QUICPay(2520)/交通系IC(8081)/Master(14812)/選択なし(1435)/JCB(3327),55,1092,0
2022/12/9,53,59239,28,25564,25,Master(7)/交通系IC(8)/QUICPay(2)/iD(2)/JCB(4)/選択なし(1)/WAON(1),33675,Master(10571)/交通系IC(9508)/QUICPay(1828)/iD(2217)/JCB(5128)/選択なし(1448)/WAON(2975),53,1118,0
2022/12/10,98,115981,52,49365,46,Master(20)/WAON(3)/iD(5)/QUICPay(2)/選択なし(2)/交通系IC(11)/JCB(3),66616,Master(31940)/WAON(3202)/iD(4666)/QUICPay(2043)/選択なし(2171)/交通系IC(13278)/JCB(9316),98,1183,0
2022/12/11,64,77457,33,38316,31,iD(7)/Master(10)/交通系IC(11)/QUICPay(1)/JCB(2),39142,iD(7959)/Master(16981)/交通系IC(9911)/QUICPay(480)/JCB(3811),64,1210,0
2022/12/12,0,0,0,0,0,,0,,0,0,1
2022/12/13,0,0,0,0,0,,0,,0,0,1
2022/12/14,46,44527,24,20384,22,iD(3)/交通系IC(10)/Master(5)/JCB(4),24142,iD(3808)/交通系IC(9917)/Master(5219)/JCB(5198),46,968,0
2022/12/15,44,40212,22,21506,22,交通系IC(13)/Master(5)/選択なし(1)/JCB(1)/QUICPay(2),18705,交通系IC(8736)/Master(5396)/選択なし(1120)/JCB(1020)/QUICPay(2433),44,914,0
2022/12/16,46,39659,23,15920,23,QUICPay(3)/交通系IC(7)/Master(9)/iD(2)/JCB(2),23739,QUICPay(2186)/交通系IC(4662)/Master(10407)/iD(770)/JCB(5714),46,862,0
2022/12/17,82,113058,36,42667,46,交通系IC(17)/Master(17)/WAON(3)/選択なし(2)/JCB(4)/iD(3),70392,交通系IC(18054)/Master(31813)/WAON(7064)/選択なし(3075)/JCB(4712)/iD(5674),82,1379,0
2022/12/18,59,87273,39,51761,20,Master(8)/交通系IC(6)/iD(1)/JCB(4)/WAON(1),35511,Master(19543)/交通系IC(6294)/iD(369)/JCB(7106)/WAON(2199),59,1479,0
2022/12/19,0,0,0,0,0,,0,,0,0,1
2022/12/20,54,54828,22,20579,32,交通系IC(10)/Master(12)/iD(5)/QUICPay(2)/JCB(2)/選択なし(1),34248,交通系IC(7036)/Master(16591)/iD(3563)/QUICPay(2279)/JCB(3690)/選択なし(1089),54,1015,0
2022/12/21,44,47677,27,29370,17,Master(5)/JCB(3)/交通系IC(9),18308,Master(7713)/JCB(3460)/交通系IC(7135),44,1084,0
2022/12/22,30,34091,19,23931,11,Master(5)/JCB(1)/交通系IC(4)/iD(1),10159,Master(6415)/JCB(609)/交通系IC(2072)/iD(1063),30,1136,0
2022/12/23,43,45996,24,28167,19,交通系IC(6)/QUICPay(3)/Master(5)/JCB(4)/選択なし(1),17829,交通系IC(3726)/QUICPay(2145)/Master(7388)/JCB(3805)/選択なし(765),43,1070,0
2022/12/24,94,130097,47,58082,47,交通系IC(19)/JCB(8)/QUICPay(2)/Master(13)/iD(4)/選択なし(1),72015,交通系IC(22628)/JCB(13539)/QUICPay(1585)/Master(23999)/iD(7813)/選択なし(2451),94,1384,0
2022/12/25,71,85896,33,34550,38,交通系IC(14)/JCB(7)/QUICPay(1)/Master(13)/選択なし(1)/iD(2),51347,交通系IC(15979)/JCB(10563)/QUICPay(1850)/Master(17514)/選択なし(1603)/iD(3838),71,1210,0
2022/12/26,0,0,0,0,0,,0,,0,0,1
2022/12/27,54,49091,34,29078,20,iD(4)/JCB(1)/交通系IC(10)/Master(3)/選択なし(1)/QUICPay(1),20454,iD(3414)/JCB(1229)/交通系IC(7950)/Master(5153)/選択なし(1734)/QUICPay(974),54,909,0
2022/12/28,57,58766,38,37156,19,交通系IC(7)/Master(8)/iD(2)/JCB(2),21609,交通系IC(6311)/Master(12421)/iD(1756)/JCB(1121),57,1031,0
2022/12/29,55,70233,33,40774,22,iD(3)/Master(9)/交通系IC(8)/JCB(2),29460,iD(1755)/Master(16731)/交通系IC(9427)/JCB(1547),55,1277,0
2022/12/30,49,65897,32,38654,17,Master(11)/iD(4)/JCB(1)/交通系IC(1),27244,Master(22611)/iD(3139)/JCB(540)/交通系IC(954),49,1345,0
2022/12/31,47,65275,25,31632,22,Master(16)/交通系IC(2)/iD(3)/JCB(1),33643,Master(25032)/交通系IC(1526)/iD(3232)/JCB(3853),47,1389,0
